[2026-01-20 06:44:36] local.ERROR: preg_match(): Compilation failed: quantifier does not follow a repeatable item at offset 35 {"exception":"[object] (ErrorException(code: 0): preg_match(): Compilation failed: quantifier does not follow a repeatable item at offset 35 at C:/OSPanel/domains/ruppert_up_1/vendor/laravel/framework/src/Illuminate/Routing/Matching/UriValidator.php:21)
[stacktrace]
#0 C:/OSPanel/domains/ruppert_up_1/vendor/laravel/framework/src/Illuminate/Foundation/Bootstrap/HandleExceptions.php(255): Illuminate/Foundation/Bootstrap/HandleExceptions->handleError()
#1 [internal function]: Illuminate/Foundation/Bootstrap/HandleExceptions->Illuminate/Foundation/Bootstrap/{closure}()
#2 C:/OSPanel/domains/ruppert_up_1/vendor/laravel/framework/src/Illuminate/Routing/Matching/UriValidator.php(21): preg_match()
#3 C:/OSPanel/domains/ruppert_up_1/vendor/laravel/framework/src/Illuminate/Routing/Route.php(341): Illuminate/Routing/Matching/UriValidator->matches()
#4 C:/OSPanel/domains/ruppert_up_1/vendor/laravel/framework/src/Illuminate/Routing/AbstractRouteCollection.php(86): Illuminate/Routing/Route->matches()
#5 C:/OSPanel/domains/ruppert_up_1/vendor/laravel/framework/src/Illuminate/Collections/Arr.php(203): Illuminate/Routing/AbstractRouteCollection->Illuminate/Routing/{closure}()
#6 C:/OSPanel/domains/ruppert_up_1/vendor/laravel/framework/src/Illuminate/Collections/Collection.php(405): Illuminate/Support/Arr::first()
#7 C:/OSPanel/domains/ruppert_up_1/vendor/laravel/framework/src/Illuminate/Routing/AbstractRouteCollection.php(87): Illuminate/Support/Collection->first()
#8 C:/OSPanel/domains/ruppert_up_1/vendor/laravel/framework/src/Illuminate/Routing/RouteCollection.php(160): Illuminate/Routing/AbstractRouteCollection->matchAgainstRoutes()
#9 C:/OSPanel/domains/ruppert_up_1/vendor/laravel/framework/src/Illuminate/Routing/Router.php(761): Illuminate/Routing/RouteCollection->match()
#10 C:/OSPanel/domains/ruppert_up_1/vendor/laravel/framework/src/Illuminate/Routing/Router.php(748): Illuminate/Routing/Router->findRoute()
#11 C:/OSPanel/domains/ruppert_up_1/vendor/laravel/framework/src/Illuminate/Routing/Router.php(737): Illuminate/Routing/Router->dispatchToRoute()
#12 C:/OSPanel/domains/ruppert_up_1/vendor/laravel/framework/src/Illuminate/Foundation/Http/Kernel.php(200): Illuminate/Routing/Router->dispatch()
#13 C:/OSPanel/domains/ruppert_up_1/vendor/laravel/framework/src/Illuminate/Pipeline/Pipeline.php(144): Illuminate/Foundation/Http/Kernel->Illuminate/Foundation/Http/{closure}()
#14 C:/OSPanel/domains/ruppert_up_1/vendor/laravel/framework/src/Illuminate/Foundation/Http/Middleware/TransformsRequest.php(21): Illuminate/Pipeline/Pipeline->Illuminate/Pipeline/{closure}()
#15 C:/OSPanel/domains/ruppert_up_1/vendor/laravel/framework/src/Illuminate/Foundation/Http/Middleware/ConvertEmptyStringsToNull.php(31): Illuminate/Foundation/Http/Middleware/TransformsRequest->handle()
#16 C:/OSPanel/domains/ruppert_up_1/vendor/laravel/framework/src/Illuminate/Pipeline/Pipeline.php(183): Illuminate/Foundation/Http/Middleware/ConvertEmptyStringsToNull->handle()
#17 C:/OSPanel/domains/ruppert_up_1/vendor/laravel/framework/src/Illuminate/Foundation/Http/Middleware/TransformsRequest.php(21): Illuminate/Pipeline/Pipeline->Illuminate/Pipeline/{closure}()
#18 C:/OSPanel/domains/ruppert_up_1/vendor/laravel/framework/src/Illuminate/Foundation/Http/Middleware/TrimStrings.php(40): Illuminate/Foundation/Http/Middleware/TransformsRequest->handle()
#19 C:/OSPanel/domains/ruppert_up_1/vendor/laravel/framework/src/Illuminate/Pipeline/Pipeline.php(183): Illuminate/Foundation/Http/Middleware/TrimStrings->handle()
#20 C:/OSPanel/domains/ruppert_up_1/vendor/laravel/framework/src/Illuminate/Foundation/Http/Middleware/ValidatePostSize.php(27): Illuminate/Pipeline/Pipeline->Illuminate/Pipeline/{closure}()
#21 C:/OSPanel/domains/ruppert_up_1/vendor/laravel/framework/src/Illuminate/Pipeline/Pipeline.php(183): Illuminate/Foundation/Http/Middleware/ValidatePostSize->handle()
#22 C:/OSPanel/domains/ruppert_up_1/vendor/laravel/framework/src/Illuminate/Foundation/Http/Middleware/PreventRequestsDuringMaintenance.php(99): Illuminate/Pipeline/Pipeline->Illuminate/Pipeline/{closure}()
#23 C:/OSPanel/domains/ruppert_up_1/vendor/laravel/framework/src/Illuminate/Pipeline/Pipeline.php(183): Illuminate/Foundation/Http/Middleware/PreventRequestsDuringMaintenance->handle()
#24 C:/OSPanel/domains/ruppert_up_1/vendor/laravel/framework/src/Illuminate/Http/Middleware/HandleCors.php(49): Illuminate/Pipeline/Pipeline->Illuminate/Pipeline/{closure}()
#25 C:/OSPanel/domains/ruppert_up_1/vendor/laravel/framework/src/Illuminate/Pipeline/Pipeline.php(183): Illuminate/Http/Middleware/HandleCors->handle()
#26 C:/OSPanel/domains/ruppert_up_1/vendor/laravel/framework/src/Illuminate/Http/Middleware/TrustProxies.php(39): Illuminate/Pipeline/Pipeline->Illuminate/Pipeline/{closure}()
#27 C:/OSPanel/domains/ruppert_up_1/vendor/laravel/framework/src/Illuminate/Pipeline/Pipeline.php(183): Illuminate/Http/Middleware/TrustProxies->handle()
#28 C:/OSPanel/domains/ruppert_up_1/vendor/laravel/framework/src/Illuminate/Pipeline/Pipeline.php(119): Illuminate/Pipeline/Pipeline->Illuminate/Pipeline/{closure}()
#29 C:/OSPanel/domains/ruppert_up_1/vendor/laravel/framework/src/Illuminate/Foundation/Http/Kernel.php(175): Illuminate/Pipeline/Pipeline->then()
#30 C:/OSPanel/domains/ruppert_up_1/vendor/laravel/framework/src/Illuminate/Foundation/Http/Kernel.php(144): Illuminate/Foundation/Http/Kernel->sendRequestThroughRouter()
#31 C:/OSPanel/domains/ruppert_up_1/public/index.php(52): Illuminate/Foundation/Http/Kernel->handle()
#32 {main}
"} 
[2026-01-20 06:44:48] local.ERROR: preg_match(): Compilation failed: quantifier does not follow a repeatable item at offset 35 {"exception":"[object] (ErrorException(code: 0): preg_match(): Compilation failed: quantifier does not follow a repeatable item at offset 35 at C:/OSPanel/domains/ruppert_up_1/vendor/laravel/framework/src/Illuminate/Routing/Matching/UriValidator.php:21)
[stacktrace]
#0 C:/OSPanel/domains/ruppert_up_1/vendor/laravel/framework/src/Illuminate/Foundation/Bootstrap/HandleExceptions.php(255): Illuminate/Foundation/Bootstrap/HandleExceptions->handleError()
#1 [internal function]: Illuminate/Foundation/Bootstrap/HandleExceptions->Illuminate/Foundation/Bootstrap/{closure}()
#2 C:/OSPanel/domains/ruppert_up_1/vendor/laravel/framework/src/Illuminate/Routing/Matching/UriValidator.php(21): preg_match()
#3 C:/OSPanel/domains/ruppert_up_1/vendor/laravel/framework/src/Illuminate/Routing/Route.php(341): Illuminate/Routing/Matching/UriValidator->matches()
#4 C:/OSPanel/domains/ruppert_up_1/vendor/laravel/framework/src/Illuminate/Routing/AbstractRouteCollection.php(86): Illuminate/Routing/Route->matches()
#5 C:/OSPanel/domains/ruppert_up_1/vendor/laravel/framework/src/Illuminate/Collections/Arr.php(203): Illuminate/Routing/AbstractRouteCollection->Illuminate/Routing/{closure}()
#6 C:/OSPanel/domains/ruppert_up_1/vendor/laravel/framework/src/Illuminate/Collections/Collection.php(405): Illuminate/Support/Arr::first()
#7 C:/OSPanel/domains/ruppert_up_1/vendor/laravel/framework/src/Illuminate/Routing/AbstractRouteCollection.php(87): Illuminate/Support/Collection->first()
#8 C:/OSPanel/domains/ruppert_up_1/vendor/laravel/framework/src/Illuminate/Routing/RouteCollection.php(160): Illuminate/Routing/AbstractRouteCollection->matchAgainstRoutes()
#9 C:/OSPanel/domains/ruppert_up_1/vendor/laravel/framework/src/Illuminate/Routing/Router.php(761): Illuminate/Routing/RouteCollection->match()
#10 C:/OSPanel/domains/ruppert_up_1/vendor/laravel/framework/src/Illuminate/Routing/Router.php(748): Illuminate/Routing/Router->findRoute()
#11 C:/OSPanel/domains/ruppert_up_1/vendor/laravel/framework/src/Illuminate/Routing/Router.php(737): Illuminate/Routing/Router->dispatchToRoute()
#12 C:/OSPanel/domains/ruppert_up_1/vendor/laravel/framework/src/Illuminate/Foundation/Http/Kernel.php(200): Illuminate/Routing/Router->dispatch()
#13 C:/OSPanel/domains/ruppert_up_1/vendor/laravel/framework/src/Illuminate/Pipeline/Pipeline.php(144): Illuminate/Foundation/Http/Kernel->Illuminate/Foundation/Http/{closure}()
#14 C:/OSPanel/domains/ruppert_up_1/vendor/laravel/framework/src/Illuminate/Foundation/Http/Middleware/TransformsRequest.php(21): Illuminate/Pipeline/Pipeline->Illuminate/Pipeline/{closure}()
#15 C:/OSPanel/domains/ruppert_up_1/vendor/laravel/framework/src/Illuminate/Foundation/Http/Middleware/ConvertEmptyStringsToNull.php(31): Illuminate/Foundation/Http/Middleware/TransformsRequest->handle()
#16 C:/OSPanel/domains/ruppert_up_1/vendor/laravel/framework/src/Illuminate/Pipeline/Pipeline.php(183): Illuminate/Foundation/Http/Middleware/ConvertEmptyStringsToNull->handle()
#17 C:/OSPanel/domains/ruppert_up_1/vendor/laravel/framework/src/Illuminate/Foundation/Http/Middleware/TransformsRequest.php(21): Illuminate/Pipeline/Pipeline->Illuminate/Pipeline/{closure}()
#18 C:/OSPanel/domains/ruppert_up_1/vendor/laravel/framework/src/Illuminate/Foundation/Http/Middleware/TrimStrings.php(40): Illuminate/Foundation/Http/Middleware/TransformsRequest->handle()
#19 C:/OSPanel/domains/ruppert_up_1/vendor/laravel/framework/src/Illuminate/Pipeline/Pipeline.php(183): Illuminate/Foundation/Http/Middleware/TrimStrings->handle()
#20 C:/OSPanel/domains/ruppert_up_1/vendor/laravel/framework/src/Illuminate/Foundation/Http/Middleware/ValidatePostSize.php(27): Illuminate/Pipeline/Pipeline->Illuminate/Pipeline/{closure}()
#21 C:/OSPanel/domains/ruppert_up_1/vendor/laravel/framework/src/Illuminate/Pipeline/Pipeline.php(183): Illuminate/Foundation/Http/Middleware/ValidatePostSize->handle()
#22 C:/OSPanel/domains/ruppert_up_1/vendor/laravel/framework/src/Illuminate/Foundation/Http/Middleware/PreventRequestsDuringMaintenance.php(99): Illuminate/Pipeline/Pipeline->Illuminate/Pipeline/{closure}()
#23 C:/OSPanel/domains/ruppert_up_1/vendor/laravel/framework/src/Illuminate/Pipeline/Pipeline.php(183): Illuminate/Foundation/Http/Middleware/PreventRequestsDuringMaintenance->handle()
#24 C:/OSPanel/domains/ruppert_up_1/vendor/laravel/framework/src/Illuminate/Http/Middleware/HandleCors.php(49): Illuminate/Pipeline/Pipeline->Illuminate/Pipeline/{closure}()
#25 C:/OSPanel/domains/ruppert_up_1/vendor/laravel/framework/src/Illuminate/Pipeline/Pipeline.php(183): Illuminate/Http/Middleware/HandleCors->handle()
#26 C:/OSPanel/domains/ruppert_up_1/vendor/laravel/framework/src/Illuminate/Http/Middleware/TrustProxies.php(39): Illuminate/Pipeline/Pipeline->Illuminate/Pipeline/{closure}()
#27 C:/OSPanel/domains/ruppert_up_1/vendor/laravel/framework/src/Illuminate/Pipeline/Pipeline.php(183): Illuminate/Http/Middleware/TrustProxies->handle()
#28 C:/OSPanel/domains/ruppert_up_1/vendor/laravel/framework/src/Illuminate/Pipeline/Pipeline.php(119): Illuminate/Pipeline/Pipeline->Illuminate/Pipeline/{closure}()
#29 C:/OSPanel/domains/ruppert_up_1/vendor/laravel/framework/src/Illuminate/Foundation/Http/Kernel.php(175): Illuminate/Pipeline/Pipeline->then()
#30 C:/OSPanel/domains/ruppert_up_1/vendor/laravel/framework/src/Illuminate/Foundation/Http/Kernel.php(144): Illuminate/Foundation/Http/Kernel->sendRequestThroughRouter()
#31 C:/OSPanel/domains/ruppert_up_1/public/index.php(52): Illuminate/Foundation/Http/Kernel->handle()
#32 {main}
"} 
[2026-01-20 06:45:18] local.ERROR: preg_match(): Compilation failed: quantifier does not follow a repeatable item at offset 35 {"exception":"[object] (ErrorException(code: 0): preg_match(): Compilation failed: quantifier does not follow a repeatable item at offset 35 at C:/OSPanel/domains/ruppert_up_1/vendor/laravel/framework/src/Illuminate/Routing/Matching/UriValidator.php:21)
[stacktrace]
#0 C:/OSPanel/domains/ruppert_up_1/vendor/laravel/framework/src/Illuminate/Foundation/Bootstrap/HandleExceptions.php(255): Illuminate/Foundation/Bootstrap/HandleExceptions->handleError()
#1 [internal function]: Illuminate/Foundation/Bootstrap/HandleExceptions->Illuminate/Foundation/Bootstrap/{closure}()
#2 C:/OSPanel/domains/ruppert_up_1/vendor/laravel/framework/src/Illuminate/Routing/Matching/UriValidator.php(21): preg_match()
#3 C:/OSPanel/domains/ruppert_up_1/vendor/laravel/framework/src/Illuminate/Routing/Route.php(341): Illuminate/Routing/Matching/UriValidator->matches()
#4 C:/OSPanel/domains/ruppert_up_1/vendor/laravel/framework/src/Illuminate/Routing/AbstractRouteCollection.php(86): Illuminate/Routing/Route->matches()
#5 C:/OSPanel/domains/ruppert_up_1/vendor/laravel/framework/src/Illuminate/Collections/Arr.php(203): Illuminate/Routing/AbstractRouteCollection->Illuminate/Routing/{closure}()
#6 C:/OSPanel/domains/ruppert_up_1/vendor/laravel/framework/src/Illuminate/Collections/Collection.php(405): Illuminate/Support/Arr::first()
#7 C:/OSPanel/domains/ruppert_up_1/vendor/laravel/framework/src/Illuminate/Routing/AbstractRouteCollection.php(87): Illuminate/Support/Collection->first()
#8 C:/OSPanel/domains/ruppert_up_1/vendor/laravel/framework/src/Illuminate/Routing/RouteCollection.php(160): Illuminate/Routing/AbstractRouteCollection->matchAgainstRoutes()
#9 C:/OSPanel/domains/ruppert_up_1/vendor/laravel/framework/src/Illuminate/Routing/Router.php(761): Illuminate/Routing/RouteCollection->match()
#10 C:/OSPanel/domains/ruppert_up_1/vendor/laravel/framework/src/Illuminate/Routing/Router.php(748): Illuminate/Routing/Router->findRoute()
#11 C:/OSPanel/domains/ruppert_up_1/vendor/laravel/framework/src/Illuminate/Routing/Router.php(737): Illuminate/Routing/Router->dispatchToRoute()
#12 C:/OSPanel/domains/ruppert_up_1/vendor/laravel/framework/src/Illuminate/Foundation/Http/Kernel.php(200): Illuminate/Routing/Router->dispatch()
#13 C:/OSPanel/domains/ruppert_up_1/vendor/laravel/framework/src/Illuminate/Pipeline/Pipeline.php(144): Illuminate/Foundation/Http/Kernel->Illuminate/Foundation/Http/{closure}()
#14 C:/OSPanel/domains/ruppert_up_1/vendor/laravel/framework/src/Illuminate/Foundation/Http/Middleware/TransformsRequest.php(21): Illuminate/Pipeline/Pipeline->Illuminate/Pipeline/{closure}()
#15 C:/OSPanel/domains/ruppert_up_1/vendor/laravel/framework/src/Illuminate/Foundation/Http/Middleware/ConvertEmptyStringsToNull.php(31): Illuminate/Foundation/Http/Middleware/TransformsRequest->handle()
#16 C:/OSPanel/domains/ruppert_up_1/vendor/laravel/framework/src/Illuminate/Pipeline/Pipeline.php(183): Illuminate/Foundation/Http/Middleware/ConvertEmptyStringsToNull->handle()
#17 C:/OSPanel/domains/ruppert_up_1/vendor/laravel/framework/src/Illuminate/Foundation/Http/Middleware/TransformsRequest.php(21): Illuminate/Pipeline/Pipeline->Illuminate/Pipeline/{closure}()
#18 C:/OSPanel/domains/ruppert_up_1/vendor/laravel/framework/src/Illuminate/Foundation/Http/Middleware/TrimStrings.php(40): Illuminate/Foundation/Http/Middleware/TransformsRequest->handle()
#19 C:/OSPanel/domains/ruppert_up_1/vendor/laravel/framework/src/Illuminate/Pipeline/Pipeline.php(183): Illuminate/Foundation/Http/Middleware/TrimStrings->handle()
#20 C:/OSPanel/domains/ruppert_up_1/vendor/laravel/framework/src/Illuminate/Foundation/Http/Middleware/ValidatePostSize.php(27): Illuminate/Pipeline/Pipeline->Illuminate/Pipeline/{closure}()
#21 C:/OSPanel/domains/ruppert_up_1/vendor/laravel/framework/src/Illuminate/Pipeline/Pipeline.php(183): Illuminate/Foundation/Http/Middleware/ValidatePostSize->handle()
#22 C:/OSPanel/domains/ruppert_up_1/vendor/laravel/framework/src/Illuminate/Foundation/Http/Middleware/PreventRequestsDuringMaintenance.php(99): Illuminate/Pipeline/Pipeline->Illuminate/Pipeline/{closure}()
#23 C:/OSPanel/domains/ruppert_up_1/vendor/laravel/framework/src/Illuminate/Pipeline/Pipeline.php(183): Illuminate/Foundation/Http/Middleware/PreventRequestsDuringMaintenance->handle()
#24 C:/OSPanel/domains/ruppert_up_1/vendor/laravel/framework/src/Illuminate/Http/Middleware/HandleCors.php(49): Illuminate/Pipeline/Pipeline->Illuminate/Pipeline/{closure}()
#25 C:/OSPanel/domains/ruppert_up_1/vendor/laravel/framework/src/Illuminate/Pipeline/Pipeline.php(183): Illuminate/Http/Middleware/HandleCors->handle()
#26 C:/OSPanel/domains/ruppert_up_1/vendor/laravel/framework/src/Illuminate/Http/Middleware/TrustProxies.php(39): Illuminate/Pipeline/Pipeline->Illuminate/Pipeline/{closure}()
#27 C:/OSPanel/domains/ruppert_up_1/vendor/laravel/framework/src/Illuminate/Pipeline/Pipeline.php(183): Illuminate/Http/Middleware/TrustProxies->handle()
#28 C:/OSPanel/domains/ruppert_up_1/vendor/laravel/framework/src/Illuminate/Pipeline/Pipeline.php(119): Illuminate/Pipeline/Pipeline->Illuminate/Pipeline/{closure}()
#29 C:/OSPanel/domains/ruppert_up_1/vendor/laravel/framework/src/Illuminate/Foundation/Http/Kernel.php(175): Illuminate/Pipeline/Pipeline->then()
#30 C:/OSPanel/domains/ruppert_up_1/vendor/laravel/framework/src/Illuminate/Foundation/Http/Kernel.php(144): Illuminate/Foundation/Http/Kernel->sendRequestThroughRouter()
#31 C:/OSPanel/domains/ruppert_up_1/public/index.php(52): Illuminate/Foundation/Http/Kernel->handle()
#32 {main}
"} 
[2026-01-20 06:46:32] local.ERROR: preg_match(): Compilation failed: quantifier does not follow a repeatable item at offset 35 {"exception":"[object] (ErrorException(code: 0): preg_match(): Compilation failed: quantifier does not follow a repeatable item at offset 35 at C:/OSPanel/domains/ruppert_up_1/vendor/laravel/framework/src/Illuminate/Routing/Matching/UriValidator.php:21)
[stacktrace]
#0 C:/OSPanel/domains/ruppert_up_1/vendor/laravel/framework/src/Illuminate/Foundation/Bootstrap/HandleExceptions.php(255): Illuminate/Foundation/Bootstrap/HandleExceptions->handleError()
#1 [internal function]: Illuminate/Foundation/Bootstrap/HandleExceptions->Illuminate/Foundation/Bootstrap/{closure}()
#2 C:/OSPanel/domains/ruppert_up_1/vendor/laravel/framework/src/Illuminate/Routing/Matching/UriValidator.php(21): preg_match()
#3 C:/OSPanel/domains/ruppert_up_1/vendor/laravel/framework/src/Illuminate/Routing/Route.php(341): Illuminate/Routing/Matching/UriValidator->matches()
#4 C:/OSPanel/domains/ruppert_up_1/vendor/laravel/framework/src/Illuminate/Routing/AbstractRouteCollection.php(86): Illuminate/Routing/Route->matches()
#5 C:/OSPanel/domains/ruppert_up_1/vendor/laravel/framework/src/Illuminate/Collections/Arr.php(203): Illuminate/Routing/AbstractRouteCollection->Illuminate/Routing/{closure}()
#6 C:/OSPanel/domains/ruppert_up_1/vendor/laravel/framework/src/Illuminate/Collections/Collection.php(405): Illuminate/Support/Arr::first()
#7 C:/OSPanel/domains/ruppert_up_1/vendor/laravel/framework/src/Illuminate/Routing/AbstractRouteCollection.php(87): Illuminate/Support/Collection->first()
#8 C:/OSPanel/domains/ruppert_up_1/vendor/laravel/framework/src/Illuminate/Routing/RouteCollection.php(160): Illuminate/Routing/AbstractRouteCollection->matchAgainstRoutes()
#9 C:/OSPanel/domains/ruppert_up_1/vendor/laravel/framework/src/Illuminate/Routing/Router.php(761): Illuminate/Routing/RouteCollection->match()
#10 C:/OSPanel/domains/ruppert_up_1/vendor/laravel/framework/src/Illuminate/Routing/Router.php(748): Illuminate/Routing/Router->findRoute()
#11 C:/OSPanel/domains/ruppert_up_1/vendor/laravel/framework/src/Illuminate/Routing/Router.php(737): Illuminate/Routing/Router->dispatchToRoute()
#12 C:/OSPanel/domains/ruppert_up_1/vendor/laravel/framework/src/Illuminate/Foundation/Http/Kernel.php(200): Illuminate/Routing/Router->dispatch()
#13 C:/OSPanel/domains/ruppert_up_1/vendor/laravel/framework/src/Illuminate/Pipeline/Pipeline.php(144): Illuminate/Foundation/Http/Kernel->Illuminate/Foundation/Http/{closure}()
#14 C:/OSPanel/domains/ruppert_up_1/vendor/laravel/framework/src/Illuminate/Foundation/Http/Middleware/TransformsRequest.php(21): Illuminate/Pipeline/Pipeline->Illuminate/Pipeline/{closure}()
#15 C:/OSPanel/domains/ruppert_up_1/vendor/laravel/framework/src/Illuminate/Foundation/Http/Middleware/ConvertEmptyStringsToNull.php(31): Illuminate/Foundation/Http/Middleware/TransformsRequest->handle()
#16 C:/OSPanel/domains/ruppert_up_1/vendor/laravel/framework/src/Illuminate/Pipeline/Pipeline.php(183): Illuminate/Foundation/Http/Middleware/ConvertEmptyStringsToNull->handle()
#17 C:/OSPanel/domains/ruppert_up_1/vendor/laravel/framework/src/Illuminate/Foundation/Http/Middleware/TransformsRequest.php(21): Illuminate/Pipeline/Pipeline->Illuminate/Pipeline/{closure}()
#18 C:/OSPanel/domains/ruppert_up_1/vendor/laravel/framework/src/Illuminate/Foundation/Http/Middleware/TrimStrings.php(40): Illuminate/Foundation/Http/Middleware/TransformsRequest->handle()
#19 C:/OSPanel/domains/ruppert_up_1/vendor/laravel/framework/src/Illuminate/Pipeline/Pipeline.php(183): Illuminate/Foundation/Http/Middleware/TrimStrings->handle()
#20 C:/OSPanel/domains/ruppert_up_1/vendor/laravel/framework/src/Illuminate/Foundation/Http/Middleware/ValidatePostSize.php(27): Illuminate/Pipeline/Pipeline->Illuminate/Pipeline/{closure}()
#21 C:/OSPanel/domains/ruppert_up_1/vendor/laravel/framework/src/Illuminate/Pipeline/Pipeline.php(183): Illuminate/Foundation/Http/Middleware/ValidatePostSize->handle()
#22 C:/OSPanel/domains/ruppert_up_1/vendor/laravel/framework/src/Illuminate/Foundation/Http/Middleware/PreventRequestsDuringMaintenance.php(99): Illuminate/Pipeline/Pipeline->Illuminate/Pipeline/{closure}()
#23 C:/OSPanel/domains/ruppert_up_1/vendor/laravel/framework/src/Illuminate/Pipeline/Pipeline.php(183): Illuminate/Foundation/Http/Middleware/PreventRequestsDuringMaintenance->handle()
#24 C:/OSPanel/domains/ruppert_up_1/vendor/laravel/framework/src/Illuminate/Http/Middleware/HandleCors.php(49): Illuminate/Pipeline/Pipeline->Illuminate/Pipeline/{closure}()
#25 C:/OSPanel/domains/ruppert_up_1/vendor/laravel/framework/src/Illuminate/Pipeline/Pipeline.php(183): Illuminate/Http/Middleware/HandleCors->handle()
#26 C:/OSPanel/domains/ruppert_up_1/vendor/laravel/framework/src/Illuminate/Http/Middleware/TrustProxies.php(39): Illuminate/Pipeline/Pipeline->Illuminate/Pipeline/{closure}()
#27 C:/OSPanel/domains/ruppert_up_1/vendor/laravel/framework/src/Illuminate/Pipeline/Pipeline.php(183): Illuminate/Http/Middleware/TrustProxies->handle()
#28 C:/OSPanel/domains/ruppert_up_1/vendor/laravel/framework/src/Illuminate/Pipeline/Pipeline.php(119): Illuminate/Pipeline/Pipeline->Illuminate/Pipeline/{closure}()
#29 C:/OSPanel/domains/ruppert_up_1/vendor/laravel/framework/src/Illuminate/Foundation/Http/Kernel.php(175): Illuminate/Pipeline/Pipeline->then()
#30 C:/OSPanel/domains/ruppert_up_1/vendor/laravel/framework/src/Illuminate/Foundation/Http/Kernel.php(144): Illuminate/Foundation/Http/Kernel->sendRequestThroughRouter()
#31 C:/OSPanel/domains/ruppert_up_1/public/index.php(52): Illuminate/Foundation/Http/Kernel->handle()
#32 {main}
"} 
[2026-01-20 06:46:48] local.ERROR: preg_match(): Compilation failed: quantifier does not follow a repeatable item at offset 35 {"exception":"[object] (ErrorException(code: 0): preg_match(): Compilation failed: quantifier does not follow a repeatable item at offset 35 at C:/OSPanel/domains/ruppert_up_1/vendor/laravel/framework/src/Illuminate/Routing/Matching/UriValidator.php:21)
[stacktrace]
#0 C:/OSPanel/domains/ruppert_up_1/vendor/laravel/framework/src/Illuminate/Foundation/Bootstrap/HandleExceptions.php(255): Illuminate/Foundation/Bootstrap/HandleExceptions->handleError()
#1 [internal function]: Illuminate/Foundation/Bootstrap/HandleExceptions->Illuminate/Foundation/Bootstrap/{closure}()
#2 C:/OSPanel/domains/ruppert_up_1/vendor/laravel/framework/src/Illuminate/Routing/Matching/UriValidator.php(21): preg_match()
#3 C:/OSPanel/domains/ruppert_up_1/vendor/laravel/framework/src/Illuminate/Routing/Route.php(341): Illuminate/Routing/Matching/UriValidator->matches()
#4 C:/OSPanel/domains/ruppert_up_1/vendor/laravel/framework/src/Illuminate/Routing/AbstractRouteCollection.php(86): Illuminate/Routing/Route->matches()
#5 C:/OSPanel/domains/ruppert_up_1/vendor/laravel/framework/src/Illuminate/Collections/Arr.php(203): Illuminate/Routing/AbstractRouteCollection->Illuminate/Routing/{closure}()
#6 C:/OSPanel/domains/ruppert_up_1/vendor/laravel/framework/src/Illuminate/Collections/Collection.php(405): Illuminate/Support/Arr::first()
#7 C:/OSPanel/domains/ruppert_up_1/vendor/laravel/framework/src/Illuminate/Routing/AbstractRouteCollection.php(87): Illuminate/Support/Collection->first()
#8 C:/OSPanel/domains/ruppert_up_1/vendor/laravel/framework/src/Illuminate/Routing/RouteCollection.php(160): Illuminate/Routing/AbstractRouteCollection->matchAgainstRoutes()
#9 C:/OSPanel/domains/ruppert_up_1/vendor/laravel/framework/src/Illuminate/Routing/Router.php(761): Illuminate/Routing/RouteCollection->match()
#10 C:/OSPanel/domains/ruppert_up_1/vendor/laravel/framework/src/Illuminate/Routing/Router.php(748): Illuminate/Routing/Router->findRoute()
#11 C:/OSPanel/domains/ruppert_up_1/vendor/laravel/framework/src/Illuminate/Routing/Router.php(737): Illuminate/Routing/Router->dispatchToRoute()
#12 C:/OSPanel/domains/ruppert_up_1/vendor/laravel/framework/src/Illuminate/Foundation/Http/Kernel.php(200): Illuminate/Routing/Router->dispatch()
#13 C:/OSPanel/domains/ruppert_up_1/vendor/laravel/framework/src/Illuminate/Pipeline/Pipeline.php(144): Illuminate/Foundation/Http/Kernel->Illuminate/Foundation/Http/{closure}()
#14 C:/OSPanel/domains/ruppert_up_1/vendor/laravel/framework/src/Illuminate/Foundation/Http/Middleware/TransformsRequest.php(21): Illuminate/Pipeline/Pipeline->Illuminate/Pipeline/{closure}()
#15 C:/OSPanel/domains/ruppert_up_1/vendor/laravel/framework/src/Illuminate/Foundation/Http/Middleware/ConvertEmptyStringsToNull.php(31): Illuminate/Foundation/Http/Middleware/TransformsRequest->handle()
#16 C:/OSPanel/domains/ruppert_up_1/vendor/laravel/framework/src/Illuminate/Pipeline/Pipeline.php(183): Illuminate/Foundation/Http/Middleware/ConvertEmptyStringsToNull->handle()
#17 C:/OSPanel/domains/ruppert_up_1/vendor/laravel/framework/src/Illuminate/Foundation/Http/Middleware/TransformsRequest.php(21): Illuminate/Pipeline/Pipeline->Illuminate/Pipeline/{closure}()
#18 C:/OSPanel/domains/ruppert_up_1/vendor/laravel/framework/src/Illuminate/Foundation/Http/Middleware/TrimStrings.php(40): Illuminate/Foundation/Http/Middleware/TransformsRequest->handle()
#19 C:/OSPanel/domains/ruppert_up_1/vendor/laravel/framework/src/Illuminate/Pipeline/Pipeline.php(183): Illuminate/Foundation/Http/Middleware/TrimStrings->handle()
#20 C:/OSPanel/domains/ruppert_up_1/vendor/laravel/framework/src/Illuminate/Foundation/Http/Middleware/ValidatePostSize.php(27): Illuminate/Pipeline/Pipeline->Illuminate/Pipeline/{closure}()
#21 C:/OSPanel/domains/ruppert_up_1/vendor/laravel/framework/src/Illuminate/Pipeline/Pipeline.php(183): Illuminate/Foundation/Http/Middleware/ValidatePostSize->handle()
#22 C:/OSPanel/domains/ruppert_up_1/vendor/laravel/framework/src/Illuminate/Foundation/Http/Middleware/PreventRequestsDuringMaintenance.php(99): Illuminate/Pipeline/Pipeline->Illuminate/Pipeline/{closure}()
#23 C:/OSPanel/domains/ruppert_up_1/vendor/laravel/framework/src/Illuminate/Pipeline/Pipeline.php(183): Illuminate/Foundation/Http/Middleware/PreventRequestsDuringMaintenance->handle()
#24 C:/OSPanel/domains/ruppert_up_1/vendor/laravel/framework/src/Illuminate/Http/Middleware/HandleCors.php(49): Illuminate/Pipeline/Pipeline->Illuminate/Pipeline/{closure}()
#25 C:/OSPanel/domains/ruppert_up_1/vendor/laravel/framework/src/Illuminate/Pipeline/Pipeline.php(183): Illuminate/Http/Middleware/HandleCors->handle()
#26 C:/OSPanel/domains/ruppert_up_1/vendor/laravel/framework/src/Illuminate/Http/Middleware/TrustProxies.php(39): Illuminate/Pipeline/Pipeline->Illuminate/Pipeline/{closure}()
#27 C:/OSPanel/domains/ruppert_up_1/vendor/laravel/framework/src/Illuminate/Pipeline/Pipeline.php(183): Illuminate/Http/Middleware/TrustProxies->handle()
#28 C:/OSPanel/domains/ruppert_up_1/vendor/laravel/framework/src/Illuminate/Pipeline/Pipeline.php(119): Illuminate/Pipeline/Pipeline->Illuminate/Pipeline/{closure}()
#29 C:/OSPanel/domains/ruppert_up_1/vendor/laravel/framework/src/Illuminate/Foundation/Http/Kernel.php(175): Illuminate/Pipeline/Pipeline->then()
#30 C:/OSPanel/domains/ruppert_up_1/vendor/laravel/framework/src/Illuminate/Foundation/Http/Kernel.php(144): Illuminate/Foundation/Http/Kernel->sendRequestThroughRouter()
#31 C:/OSPanel/domains/ruppert_up_1/public/index.php(52): Illuminate/Foundation/Http/Kernel->handle()
#32 {main}
"} 
[2026-01-20 06:48:37] local.ERROR: preg_match(): Compilation failed: quantifier does not follow a repeatable item at offset 35 {"exception":"[object] (ErrorException(code: 0): preg_match(): Compilation failed: quantifier does not follow a repeatable item at offset 35 at C:/OSPanel/domains/ruppert_up_1/vendor/laravel/framework/src/Illuminate/Routing/Matching/UriValidator.php:21)
[stacktrace]
#0 C:/OSPanel/domains/ruppert_up_1/vendor/laravel/framework/src/Illuminate/Foundation/Bootstrap/HandleExceptions.php(255): Illuminate/Foundation/Bootstrap/HandleExceptions->handleError()
#1 [internal function]: Illuminate/Foundation/Bootstrap/HandleExceptions->Illuminate/Foundation/Bootstrap/{closure}()
#2 C:/OSPanel/domains/ruppert_up_1/vendor/laravel/framework/src/Illuminate/Routing/Matching/UriValidator.php(21): preg_match()
#3 C:/OSPanel/domains/ruppert_up_1/vendor/laravel/framework/src/Illuminate/Routing/Route.php(341): Illuminate/Routing/Matching/UriValidator->matches()
#4 C:/OSPanel/domains/ruppert_up_1/vendor/laravel/framework/src/Illuminate/Routing/AbstractRouteCollection.php(86): Illuminate/Routing/Route->matches()
#5 C:/OSPanel/domains/ruppert_up_1/vendor/laravel/framework/src/Illuminate/Collections/Arr.php(203): Illuminate/Routing/AbstractRouteCollection->Illuminate/Routing/{closure}()
#6 C:/OSPanel/domains/ruppert_up_1/vendor/laravel/framework/src/Illuminate/Collections/Collection.php(405): Illuminate/Support/Arr::first()
#7 C:/OSPanel/domains/ruppert_up_1/vendor/laravel/framework/src/Illuminate/Routing/AbstractRouteCollection.php(87): Illuminate/Support/Collection->first()
#8 C:/OSPanel/domains/ruppert_up_1/vendor/laravel/framework/src/Illuminate/Routing/RouteCollection.php(160): Illuminate/Routing/AbstractRouteCollection->matchAgainstRoutes()
#9 C:/OSPanel/domains/ruppert_up_1/vendor/laravel/framework/src/Illuminate/Routing/Router.php(761): Illuminate/Routing/RouteCollection->match()
#10 C:/OSPanel/domains/ruppert_up_1/vendor/laravel/framework/src/Illuminate/Routing/Router.php(748): Illuminate/Routing/Router->findRoute()
#11 C:/OSPanel/domains/ruppert_up_1/vendor/laravel/framework/src/Illuminate/Routing/Router.php(737): Illuminate/Routing/Router->dispatchToRoute()
#12 C:/OSPanel/domains/ruppert_up_1/vendor/laravel/framework/src/Illuminate/Foundation/Http/Kernel.php(200): Illuminate/Routing/Router->dispatch()
#13 C:/OSPanel/domains/ruppert_up_1/vendor/laravel/framework/src/Illuminate/Pipeline/Pipeline.php(144): Illuminate/Foundation/Http/Kernel->Illuminate/Foundation/Http/{closure}()
#14 C:/OSPanel/domains/ruppert_up_1/vendor/laravel/framework/src/Illuminate/Foundation/Http/Middleware/TransformsRequest.php(21): Illuminate/Pipeline/Pipeline->Illuminate/Pipeline/{closure}()
#15 C:/OSPanel/domains/ruppert_up_1/vendor/laravel/framework/src/Illuminate/Foundation/Http/Middleware/ConvertEmptyStringsToNull.php(31): Illuminate/Foundation/Http/Middleware/TransformsRequest->handle()
#16 C:/OSPanel/domains/ruppert_up_1/vendor/laravel/framework/src/Illuminate/Pipeline/Pipeline.php(183): Illuminate/Foundation/Http/Middleware/ConvertEmptyStringsToNull->handle()
#17 C:/OSPanel/domains/ruppert_up_1/vendor/laravel/framework/src/Illuminate/Foundation/Http/Middleware/TransformsRequest.php(21): Illuminate/Pipeline/Pipeline->Illuminate/Pipeline/{closure}()
#18 C:/OSPanel/domains/ruppert_up_1/vendor/laravel/framework/src/Illuminate/Foundation/Http/Middleware/TrimStrings.php(40): Illuminate/Foundation/Http/Middleware/TransformsRequest->handle()
#19 C:/OSPanel/domains/ruppert_up_1/vendor/laravel/framework/src/Illuminate/Pipeline/Pipeline.php(183): Illuminate/Foundation/Http/Middleware/TrimStrings->handle()
#20 C:/OSPanel/domains/ruppert_up_1/vendor/laravel/framework/src/Illuminate/Foundation/Http/Middleware/ValidatePostSize.php(27): Illuminate/Pipeline/Pipeline->Illuminate/Pipeline/{closure}()
#21 C:/OSPanel/domains/ruppert_up_1/vendor/laravel/framework/src/Illuminate/Pipeline/Pipeline.php(183): Illuminate/Foundation/Http/Middleware/ValidatePostSize->handle()
#22 C:/OSPanel/domains/ruppert_up_1/vendor/laravel/framework/src/Illuminate/Foundation/Http/Middleware/PreventRequestsDuringMaintenance.php(99): Illuminate/Pipeline/Pipeline->Illuminate/Pipeline/{closure}()
#23 C:/OSPanel/domains/ruppert_up_1/vendor/laravel/framework/src/Illuminate/Pipeline/Pipeline.php(183): Illuminate/Foundation/Http/Middleware/PreventRequestsDuringMaintenance->handle()
#24 C:/OSPanel/domains/ruppert_up_1/vendor/laravel/framework/src/Illuminate/Http/Middleware/HandleCors.php(49): Illuminate/Pipeline/Pipeline->Illuminate/Pipeline/{closure}()
#25 C:/OSPanel/domains/ruppert_up_1/vendor/laravel/framework/src/Illuminate/Pipeline/Pipeline.php(183): Illuminate/Http/Middleware/HandleCors->handle()
#26 C:/OSPanel/domains/ruppert_up_1/vendor/laravel/framework/src/Illuminate/Http/Middleware/TrustProxies.php(39): Illuminate/Pipeline/Pipeline->Illuminate/Pipeline/{closure}()
#27 C:/OSPanel/domains/ruppert_up_1/vendor/laravel/framework/src/Illuminate/Pipeline/Pipeline.php(183): Illuminate/Http/Middleware/TrustProxies->handle()
#28 C:/OSPanel/domains/ruppert_up_1/vendor/laravel/framework/src/Illuminate/Pipeline/Pipeline.php(119): Illuminate/Pipeline/Pipeline->Illuminate/Pipeline/{closure}()
#29 C:/OSPanel/domains/ruppert_up_1/vendor/laravel/framework/src/Illuminate/Foundation/Http/Kernel.php(175): Illuminate/Pipeline/Pipeline->then()
#30 C:/OSPanel/domains/ruppert_up_1/vendor/laravel/framework/src/Illuminate/Foundation/Http/Kernel.php(144): Illuminate/Foundation/Http/Kernel->sendRequestThroughRouter()
#31 C:/OSPanel/domains/ruppert_up_1/public/index.php(52): Illuminate/Foundation/Http/Kernel->handle()
#32 {main}
"} 
[2026-01-20 07:06:12] local.ERROR: Failed to parse time string ($year-$month-$day) at position 0 ($): Unexpected character {"exception":"[object] (Exception(code: 0): Failed to parse time string ($year-$month-$day) at position 0 ($): Unexpected character at C:/OSPanel/domains/ruppert_up_1/routes/web.php:135)
[stacktrace]
#0 C:/OSPanel/domains/ruppert_up_1/routes/web.php(135): DateTime->__construct()
#1 C:/OSPanel/domains/ruppert_up_1/vendor/laravel/framework/src/Illuminate/Routing/CallableDispatcher.php(40): Illuminate/Routing/RouteFileRegistrar->{closure}()
#2 C:/OSPanel/domains/ruppert_up_1/vendor/laravel/framework/src/Illuminate/Routing/Route.php(237): Illuminate/Routing/CallableDispatcher->dispatch()
#3 C:/OSPanel/domains/ruppert_up_1/vendor/laravel/framework/src/Illuminate/Routing/Route.php(208): Illuminate/Routing/Route->runCallable()
#4 C:/OSPanel/domains/ruppert_up_1/vendor/laravel/framework/src/Illuminate/Routing/Router.php(806): Illuminate/Routing/Route->run()
#5 C:/OSPanel/domains/ruppert_up_1/vendor/laravel/framework/src/Illuminate/Pipeline/Pipeline.php(144): Illuminate/Routing/Router->Illuminate/Routing/{closure}()
#6 C:/OSPanel/domains/ruppert_up_1/vendor/laravel/framework/src/Illuminate/Routing/Middleware/SubstituteBindings.php(50): Illuminate/Pipeline/Pipeline->Illuminate/Pipeline/{closure}()
#7 C:/OSPanel/domains/ruppert_up_1/vendor/laravel/framework/src/Illuminate/Pipeline/Pipeline.php(183): Illuminate/Routing/Middleware/SubstituteBindings->handle()
#8 C:/OSPanel/domains/ruppert_up_1/vendor/laravel/framework/src/Illuminate/Foundation/Http/Middleware/VerifyCsrfToken.php(78): Illuminate/Pipeline/Pipeline->Illuminate/Pipeline/{closure}()
#9 C:/OSPanel/domains/ruppert_up_1/vendor/laravel/framework/src/Illuminate/Pipeline/Pipeline.php(183): Illuminate/Foundation/Http/Middleware/VerifyCsrfToken->handle()
#10 C:/OSPanel/domains/ruppert_up_1/vendor/laravel/framework/src/Illuminate/View/Middleware/ShareErrorsFromSession.php(49): Illuminate/Pipeline/Pipeline->Illuminate/Pipeline/{closure}()
#11 C:/OSPanel/domains/ruppert_up_1/vendor/laravel/framework/src/Illuminate/Pipeline/Pipeline.php(183): Illuminate/View/Middleware/ShareErrorsFromSession->handle()
#12 C:/OSPanel/domains/ruppert_up_1/vendor/laravel/framework/src/Illuminate/Session/Middleware/StartSession.php(121): Illuminate/Pipeline/Pipeline->Illuminate/Pipeline/{closure}()
#13 C:/OSPanel/domains/ruppert_up_1/vendor/laravel/framework/src/Illuminate/Session/Middleware/StartSession.php(64): Illuminate/Session/Middleware/StartSession->handleStatefulRequest()
#14 C:/OSPanel/domains/ruppert_up_1/vendor/laravel/framework/src/Illuminate/Pipeline/Pipeline.php(183): Illuminate/Session/Middleware/StartSession->handle()
#15 C:/OSPanel/domains/ruppert_up_1/vendor/laravel/framework/src/Illuminate/Cookie/Middleware/AddQueuedCookiesToResponse.php(37): Illuminate/Pipeline/Pipeline->Illuminate/Pipeline/{closure}()
#16 C:/OSPanel/domains/ruppert_up_1/vendor/laravel/framework/src/Illuminate/Pipeline/Pipeline.php(183): Illuminate/Cookie/Middleware/AddQueuedCookiesToResponse->handle()
#17 C:/OSPanel/domains/ruppert_up_1/vendor/laravel/framework/src/Illuminate/Cookie/Middleware/EncryptCookies.php(67): Illuminate/Pipeline/Pipeline->Illuminate/Pipeline/{closure}()
#18 C:/OSPanel/domains/ruppert_up_1/vendor/laravel/framework/src/Illuminate/Pipeline/Pipeline.php(183): Illuminate/Cookie/Middleware/EncryptCookies->handle()
#19 C:/OSPanel/domains/ruppert_up_1/vendor/laravel/framework/src/Illuminate/Pipeline/Pipeline.php(119): Illuminate/Pipeline/Pipeline->Illuminate/Pipeline/{closure}()
#20 C:/OSPanel/domains/ruppert_up_1/vendor/laravel/framework/src/Illuminate/Routing/Router.php(807): Illuminate/Pipeline/Pipeline->then()
#21 C:/OSPanel/domains/ruppert_up_1/vendor/laravel/framework/src/Illuminate/Routing/Router.php(784): Illuminate/Routing/Router->runRouteWithinStack()
#22 C:/OSPanel/domains/ruppert_up_1/vendor/laravel/framework/src/Illuminate/Routing/Router.php(748): Illuminate/Routing/Router->runRoute()
#23 C:/OSPanel/domains/ruppert_up_1/vendor/laravel/framework/src/Illuminate/Routing/Router.php(737): Illuminate/Routing/Router->dispatchToRoute()
#24 C:/OSPanel/domains/ruppert_up_1/vendor/laravel/framework/src/Illuminate/Foundation/Http/Kernel.php(200): Illuminate/Routing/Router->dispatch()
#25 C:/OSPanel/domains/ruppert_up_1/vendor/laravel/framework/src/Illuminate/Pipeline/Pipeline.php(144): Illuminate/Foundation/Http/Kernel->Illuminate/Foundation/Http/{closure}()
#26 C:/OSPanel/domains/ruppert_up_1/vendor/laravel/framework/src/Illuminate/Foundation/Http/Middleware/TransformsRequest.php(21): Illuminate/Pipeline/Pipeline->Illuminate/Pipeline/{closure}()
#27 C:/OSPanel/domains/ruppert_up_1/vendor/laravel/framework/src/Illuminate/Foundation/Http/Middleware/ConvertEmptyStringsToNull.php(31): Illuminate/Foundation/Http/Middleware/TransformsRequest->handle()
#28 C:/OSPanel/domains/ruppert_up_1/vendor/laravel/framework/src/Illuminate/Pipeline/Pipeline.php(183): Illuminate/Foundation/Http/Middleware/ConvertEmptyStringsToNull->handle()
#29 C:/OSPanel/domains/ruppert_up_1/vendor/laravel/framework/src/Illuminate/Foundation/Http/Middleware/TransformsRequest.php(21): Illuminate/Pipeline/Pipeline->Illuminate/Pipeline/{closure}()
#30 C:/OSPanel/domains/ruppert_up_1/vendor/laravel/framework/src/Illuminate/Foundation/Http/Middleware/TrimStrings.php(40): Illuminate/Foundation/Http/Middleware/TransformsRequest->handle()
#31 C:/OSPanel/domains/ruppert_up_1/vendor/laravel/framework/src/Illuminate/Pipeline/Pipeline.php(183): Illuminate/Foundation/Http/Middleware/TrimStrings->handle()
#32 C:/OSPanel/domains/ruppert_up_1/vendor/laravel/framework/src/Illuminate/Foundation/Http/Middleware/ValidatePostSize.php(27): Illuminate/Pipeline/Pipeline->Illuminate/Pipeline/{closure}()
#33 C:/OSPanel/domains/ruppert_up_1/vendor/laravel/framework/src/Illuminate/Pipeline/Pipeline.php(183): Illuminate/Foundation/Http/Middleware/ValidatePostSize->handle()
#34 C:/OSPanel/domains/ruppert_up_1/vendor/laravel/framework/src/Illuminate/Foundation/Http/Middleware/PreventRequestsDuringMaintenance.php(99): Illuminate/Pipeline/Pipeline->Illuminate/Pipeline/{closure}()
#35 C:/OSPanel/domains/ruppert_up_1/vendor/laravel/framework/src/Illuminate/Pipeline/Pipeline.php(183): Illuminate/Foundation/Http/Middleware/PreventRequestsDuringMaintenance->handle()
#36 C:/OSPanel/domains/ruppert_up_1/vendor/laravel/framework/src/Illuminate/Http/Middleware/HandleCors.php(49): Illuminate/Pipeline/Pipeline->Illuminate/Pipeline/{closure}()
#37 C:/OSPanel/domains/ruppert_up_1/vendor/laravel/framework/src/Illuminate/Pipeline/Pipeline.php(183): Illuminate/Http/Middleware/HandleCors->handle()
#38 C:/OSPanel/domains/ruppert_up_1/vendor/laravel/framework/src/Illuminate/Http/Middleware/TrustProxies.php(39): Illuminate/Pipeline/Pipeline->Illuminate/Pipeline/{closure}()
#39 C:/OSPanel/domains/ruppert_up_1/vendor/laravel/framework/src/Illuminate/Pipeline/Pipeline.php(183): Illuminate/Http/Middleware/TrustProxies->handle()
#40 C:/OSPanel/domains/ruppert_up_1/vendor/laravel/framework/src/Illuminate/Pipeline/Pipeline.php(119): Illuminate/Pipeline/Pipeline->Illuminate/Pipeline/{closure}()
#41 C:/OSPanel/domains/ruppert_up_1/vendor/laravel/framework/src/Illuminate/Foundation/Http/Kernel.php(175): Illuminate/Pipeline/Pipeline->then()
#42 C:/OSPanel/domains/ruppert_up_1/vendor/laravel/framework/src/Illuminate/Foundation/Http/Kernel.php(144): Illuminate/Foundation/Http/Kernel->sendRequestThroughRouter()
#43 C:/OSPanel/domains/ruppert_up_1/public/index.php(52): Illuminate/Foundation/Http/Kernel->handle()
#44 {main}
"} 
[2026-01-20 07:07:25] local.ERROR: Failed to parse time string ($year-$month-$day) at position 0 ($): Unexpected character {"exception":"[object] (Exception(code: 0): Failed to parse time string ($year-$month-$day) at position 0 ($): Unexpected character at C:/OSPanel/domains/ruppert_up_1/routes/web.php:135)
[stacktrace]
#0 C:/OSPanel/domains/ruppert_up_1/routes/web.php(135): DateTime->__construct()
#1 C:/OSPanel/domains/ruppert_up_1/vendor/laravel/framework/src/Illuminate/Routing/CallableDispatcher.php(40): Illuminate/Routing/RouteFileRegistrar->{closure}()
#2 C:/OSPanel/domains/ruppert_up_1/vendor/laravel/framework/src/Illuminate/Routing/Route.php(237): Illuminate/Routing/CallableDispatcher->dispatch()
#3 C:/OSPanel/domains/ruppert_up_1/vendor/laravel/framework/src/Illuminate/Routing/Route.php(208): Illuminate/Routing/Route->runCallable()
#4 C:/OSPanel/domains/ruppert_up_1/vendor/laravel/framework/src/Illuminate/Routing/Router.php(806): Illuminate/Routing/Route->run()
#5 C:/OSPanel/domains/ruppert_up_1/vendor/laravel/framework/src/Illuminate/Pipeline/Pipeline.php(144): Illuminate/Routing/Router->Illuminate/Routing/{closure}()
#6 C:/OSPanel/domains/ruppert_up_1/vendor/laravel/framework/src/Illuminate/Routing/Middleware/SubstituteBindings.php(50): Illuminate/Pipeline/Pipeline->Illuminate/Pipeline/{closure}()
#7 C:/OSPanel/domains/ruppert_up_1/vendor/laravel/framework/src/Illuminate/Pipeline/Pipeline.php(183): Illuminate/Routing/Middleware/SubstituteBindings->handle()
#8 C:/OSPanel/domains/ruppert_up_1/vendor/laravel/framework/src/Illuminate/Foundation/Http/Middleware/VerifyCsrfToken.php(78): Illuminate/Pipeline/Pipeline->Illuminate/Pipeline/{closure}()
#9 C:/OSPanel/domains/ruppert_up_1/vendor/laravel/framework/src/Illuminate/Pipeline/Pipeline.php(183): Illuminate/Foundation/Http/Middleware/VerifyCsrfToken->handle()
#10 C:/OSPanel/domains/ruppert_up_1/vendor/laravel/framework/src/Illuminate/View/Middleware/ShareErrorsFromSession.php(49): Illuminate/Pipeline/Pipeline->Illuminate/Pipeline/{closure}()
#11 C:/OSPanel/domains/ruppert_up_1/vendor/laravel/framework/src/Illuminate/Pipeline/Pipeline.php(183): Illuminate/View/Middleware/ShareErrorsFromSession->handle()
#12 C:/OSPanel/domains/ruppert_up_1/vendor/laravel/framework/src/Illuminate/Session/Middleware/StartSession.php(121): Illuminate/Pipeline/Pipeline->Illuminate/Pipeline/{closure}()
#13 C:/OSPanel/domains/ruppert_up_1/vendor/laravel/framework/src/Illuminate/Session/Middleware/StartSession.php(64): Illuminate/Session/Middleware/StartSession->handleStatefulRequest()
#14 C:/OSPanel/domains/ruppert_up_1/vendor/laravel/framework/src/Illuminate/Pipeline/Pipeline.php(183): Illuminate/Session/Middleware/StartSession->handle()
#15 C:/OSPanel/domains/ruppert_up_1/vendor/laravel/framework/src/Illuminate/Cookie/Middleware/AddQueuedCookiesToResponse.php(37): Illuminate/Pipeline/Pipeline->Illuminate/Pipeline/{closure}()
#16 C:/OSPanel/domains/ruppert_up_1/vendor/laravel/framework/src/Illuminate/Pipeline/Pipeline.php(183): Illuminate/Cookie/Middleware/AddQueuedCookiesToResponse->handle()
#17 C:/OSPanel/domains/ruppert_up_1/vendor/laravel/framework/src/Illuminate/Cookie/Middleware/EncryptCookies.php(67): Illuminate/Pipeline/Pipeline->Illuminate/Pipeline/{closure}()
#18 C:/OSPanel/domains/ruppert_up_1/vendor/laravel/framework/src/Illuminate/Pipeline/Pipeline.php(183): Illuminate/Cookie/Middleware/EncryptCookies->handle()
#19 C:/OSPanel/domains/ruppert_up_1/vendor/laravel/framework/src/Illuminate/Pipeline/Pipeline.php(119): Illuminate/Pipeline/Pipeline->Illuminate/Pipeline/{closure}()
#20 C:/OSPanel/domains/ruppert_up_1/vendor/laravel/framework/src/Illuminate/Routing/Router.php(807): Illuminate/Pipeline/Pipeline->then()
#21 C:/OSPanel/domains/ruppert_up_1/vendor/laravel/framework/src/Illuminate/Routing/Router.php(784): Illuminate/Routing/Router->runRouteWithinStack()
#22 C:/OSPanel/domains/ruppert_up_1/vendor/laravel/framework/src/Illuminate/Routing/Router.php(748): Illuminate/Routing/Router->runRoute()
#23 C:/OSPanel/domains/ruppert_up_1/vendor/laravel/framework/src/Illuminate/Routing/Router.php(737): Illuminate/Routing/Router->dispatchToRoute()
#24 C:/OSPanel/domains/ruppert_up_1/vendor/laravel/framework/src/Illuminate/Foundation/Http/Kernel.php(200): Illuminate/Routing/Router->dispatch()
#25 C:/OSPanel/domains/ruppert_up_1/vendor/laravel/framework/src/Illuminate/Pipeline/Pipeline.php(144): Illuminate/Foundation/Http/Kernel->Illuminate/Foundation/Http/{closure}()
#26 C:/OSPanel/domains/ruppert_up_1/vendor/laravel/framework/src/Illuminate/Foundation/Http/Middleware/TransformsRequest.php(21): Illuminate/Pipeline/Pipeline->Illuminate/Pipeline/{closure}()
#27 C:/OSPanel/domains/ruppert_up_1/vendor/laravel/framework/src/Illuminate/Foundation/Http/Middleware/ConvertEmptyStringsToNull.php(31): Illuminate/Foundation/Http/Middleware/TransformsRequest->handle()
#28 C:/OSPanel/domains/ruppert_up_1/vendor/laravel/framework/src/Illuminate/Pipeline/Pipeline.php(183): Illuminate/Foundation/Http/Middleware/ConvertEmptyStringsToNull->handle()
#29 C:/OSPanel/domains/ruppert_up_1/vendor/laravel/framework/src/Illuminate/Foundation/Http/Middleware/TransformsRequest.php(21): Illuminate/Pipeline/Pipeline->Illuminate/Pipeline/{closure}()
#30 C:/OSPanel/domains/ruppert_up_1/vendor/laravel/framework/src/Illuminate/Foundation/Http/Middleware/TrimStrings.php(40): Illuminate/Foundation/Http/Middleware/TransformsRequest->handle()
#31 C:/OSPanel/domains/ruppert_up_1/vendor/laravel/framework/src/Illuminate/Pipeline/Pipeline.php(183): Illuminate/Foundation/Http/Middleware/TrimStrings->handle()
#32 C:/OSPanel/domains/ruppert_up_1/vendor/laravel/framework/src/Illuminate/Foundation/Http/Middleware/ValidatePostSize.php(27): Illuminate/Pipeline/Pipeline->Illuminate/Pipeline/{closure}()
#33 C:/OSPanel/domains/ruppert_up_1/vendor/laravel/framework/src/Illuminate/Pipeline/Pipeline.php(183): Illuminate/Foundation/Http/Middleware/ValidatePostSize->handle()
#34 C:/OSPanel/domains/ruppert_up_1/vendor/laravel/framework/src/Illuminate/Foundation/Http/Middleware/PreventRequestsDuringMaintenance.php(99): Illuminate/Pipeline/Pipeline->Illuminate/Pipeline/{closure}()
#35 C:/OSPanel/domains/ruppert_up_1/vendor/laravel/framework/src/Illuminate/Pipeline/Pipeline.php(183): Illuminate/Foundation/Http/Middleware/PreventRequestsDuringMaintenance->handle()
#36 C:/OSPanel/domains/ruppert_up_1/vendor/laravel/framework/src/Illuminate/Http/Middleware/HandleCors.php(49): Illuminate/Pipeline/Pipeline->Illuminate/Pipeline/{closure}()
#37 C:/OSPanel/domains/ruppert_up_1/vendor/laravel/framework/src/Illuminate/Pipeline/Pipeline.php(183): Illuminate/Http/Middleware/HandleCors->handle()
#38 C:/OSPanel/domains/ruppert_up_1/vendor/laravel/framework/src/Illuminate/Http/Middleware/TrustProxies.php(39): Illuminate/Pipeline/Pipeline->Illuminate/Pipeline/{closure}()
#39 C:/OSPanel/domains/ruppert_up_1/vendor/laravel/framework/src/Illuminate/Pipeline/Pipeline.php(183): Illuminate/Http/Middleware/TrustProxies->handle()
#40 C:/OSPanel/domains/ruppert_up_1/vendor/laravel/framework/src/Illuminate/Pipeline/Pipeline.php(119): Illuminate/Pipeline/Pipeline->Illuminate/Pipeline/{closure}()
#41 C:/OSPanel/domains/ruppert_up_1/vendor/laravel/framework/src/Illuminate/Foundation/Http/Kernel.php(175): Illuminate/Pipeline/Pipeline->then()
#42 C:/OSPanel/domains/ruppert_up_1/vendor/laravel/framework/src/Illuminate/Foundation/Http/Kernel.php(144): Illuminate/Foundation/Http/Kernel->sendRequestThroughRouter()
#43 C:/OSPanel/domains/ruppert_up_1/public/index.php(52): Illuminate/Foundation/Http/Kernel->handle()
#44 {main}
"} 
[2026-02-20 07:30:47] production.ERROR: SQLSTATE[HY000] [2002] Подключение не установлено, т.к. конечный компьютер отверг запрос на подключение (Connection: mysql, SQL: select table_name as `name`, (data_length + index_length) as `size`, table_comment as `comment`, engine as `engine`, table_collation as `collation` from information_schema.tables where table_schema = 'forge' and table_type in ('BASE TABLE', 'SYSTEM VERSIONED') order by table_name) {"exception":"[object] (Illuminate\\Database\\QueryException(code: 2002): SQLSTATE[HY000] [2002] Подключение не установлено, т.к. конечный компьютер отверг запрос на подключение (Connection: mysql, SQL: select table_name as `name`, (data_length + index_length) as `size`, table_comment as `comment`, engine as `engine`, table_collation as `collation` from information_schema.tables where table_schema = 'forge' and table_type in ('BASE TABLE', 'SYSTEM VERSIONED') order by table_name) at C:/Users/studkab5/Downloads/ruppert_practice-main/vendor/laravel/framework/src/Illuminate/Database/Connection.php:829)
[stacktrace]
#0 C:/Users/studkab5/Downloads/ruppert_practice-main/vendor/laravel/framework/src/Illuminate/Database/Connection.php(783): Illuminate/Database/Connection->runQueryCallback('select table_na...', Array, Object(Closure))
#1 C:/Users/studkab5/Downloads/ruppert_practice-main/vendor/laravel/framework/src/Illuminate/Database/Connection.php(414): Illuminate/Database/Connection->run('select table_na...', Array, Object(Closure))
#2 C:/Users/studkab5/Downloads/ruppert_practice-main/vendor/laravel/framework/src/Illuminate/Database/Connection.php(401): Illuminate/Database/Connection->select('select table_na...', Array, false)
#3 C:/Users/studkab5/Downloads/ruppert_practice-main/vendor/laravel/framework/src/Illuminate/Database/Schema/MySqlBuilder.php(41): Illuminate/Database/Connection->selectFromWriteConnection('select table_na...')
#4 C:/Users/studkab5/Downloads/ruppert_practice-main/vendor/laravel/framework/src/Illuminate/Database/Schema/Builder.php(165): Illuminate/Database/Schema/MySqlBuilder->getTables(false)
#5 C:/Users/studkab5/Downloads/ruppert_practice-main/vendor/laravel/framework/src/Illuminate/Database/Migrations/DatabaseMigrationRepository.php(184): Illuminate/Database/Schema/Builder->hasTable('migrations')
#6 C:/Users/studkab5/Downloads/ruppert_practice-main/vendor/laravel/framework/src/Illuminate/Database/Migrations/Migrator.php(727): Illuminate/Database/Migrations/DatabaseMigrationRepository->repositoryExists()
#7 C:/Users/studkab5/Downloads/ruppert_practice-main/vendor/laravel/framework/src/Illuminate/Database/Console/Migrations/MigrateCommand.php(140): Illuminate/Database/Migrations/Migrator->repositoryExists()
#8 C:/Users/studkab5/Downloads/ruppert_practice-main/vendor/laravel/framework/src/Illuminate/Support/helpers.php(261): Illuminate/Database/Console/Migrations/MigrateCommand->Illuminate/Database/Console/Migrations/{closure}(1)
#9 C:/Users/studkab5/Downloads/ruppert_practice-main/vendor/laravel/framework/src/Illuminate/Database/Console/Migrations/MigrateCommand.php(140): retry(1, Object(Closure), 0, Object(Closure))
#10 C:/Users/studkab5/Downloads/ruppert_practice-main/vendor/laravel/framework/src/Illuminate/Database/Console/Migrations/MigrateCommand.php(116): Illuminate/Database/Console/Migrations/MigrateCommand->repositoryExists()
#11 C:/Users/studkab5/Downloads/ruppert_practice-main/vendor/laravel/framework/src/Illuminate/Database/Console/Migrations/MigrateCommand.php(84): Illuminate/Database/Console/Migrations/MigrateCommand->prepareDatabase()
#12 C:/Users/studkab5/Downloads/ruppert_practice-main/vendor/laravel/framework/src/Illuminate/Database/Migrations/Migrator.php(641): Illuminate/Database/Console/Migrations/MigrateCommand->Illuminate/Database/Console/Migrations/{closure}()
#13 C:/Users/studkab5/Downloads/ruppert_practice-main/vendor/laravel/framework/src/Illuminate/Database/Console/Migrations/MigrateCommand.php(83): Illuminate/Database/Migrations/Migrator->usingConnection(NULL, Object(Closure))
#14 C:/Users/studkab5/Downloads/ruppert_practice-main/vendor/laravel/framework/src/Illuminate/Container/BoundMethod.php(36): Illuminate/Database/Console/Migrations/MigrateCommand->handle()
#15 C:/Users/studkab5/Downloads/ruppert_practice-main/vendor/laravel/framework/src/Illuminate/Container/Util.php(41): Illuminate/Container/BoundMethod::Illuminate/Container/{closure}()
#16 C:/Users/studkab5/Downloads/ruppert_practice-main/vendor/laravel/framework/src/Illuminate/Container/BoundMethod.php(93): Illuminate/Container/Util::unwrapIfClosure(Object(Closure))
#17 C:/Users/studkab5/Downloads/ruppert_practice-main/vendor/laravel/framework/src/Illuminate/Container/BoundMethod.php(35): Illuminate/Container/BoundMethod::callBoundMethod(Object(Illuminate/Foundation/Application), Array, Object(Closure))
#18 C:/Users/studkab5/Downloads/ruppert_practice-main/vendor/laravel/framework/src/Illuminate/Container/Container.php(662): Illuminate/Container/BoundMethod::call(Object(Illuminate/Foundation/Application), Array, Array, NULL)
#19 C:/Users/studkab5/Downloads/ruppert_practice-main/vendor/laravel/framework/src/Illuminate/Console/Command.php(211): Illuminate/Container/Container->call(Array)
#20 C:/Users/studkab5/Downloads/ruppert_practice-main/vendor/symfony/console/Command/Command.php(326): Illuminate/Console/Command->execute(Object(Symfony/Component/Console/Input/ArgvInput), Object(Illuminate/Console/OutputStyle))
#21 C:/Users/studkab5/Downloads/ruppert_practice-main/vendor/laravel/framework/src/Illuminate/Console/Command.php(180): Symfony/Component/Console/Command/Command->run(Object(Symfony/Component/Console/Input/ArgvInput), Object(Illuminate/Console/OutputStyle))
#22 C:/Users/studkab5/Downloads/ruppert_practice-main/vendor/symfony/console/Application.php(1106): Illuminate/Console/Command->run(Object(Symfony/Component/Console/Input/ArgvInput), Object(Symfony/Component/Console/Output/ConsoleOutput))
#23 C:/Users/studkab5/Downloads/ruppert_practice-main/vendor/symfony/console/Application.php(324): Symfony/Component/Console/Application->doRunCommand(Object(Illuminate/Database/Console/Migrations/MigrateCommand), Object(Symfony/Component/Console/Input/ArgvInput), Object(Symfony/Component/Console/Output/ConsoleOutput))
#24 C:/Users/studkab5/Downloads/ruppert_practice-main/vendor/symfony/console/Application.php(175): Symfony/Component/Console/Application->doRun(Object(Symfony/Component/Console/Input/ArgvInput), Object(Symfony/Component/Console/Output/ConsoleOutput))
#25 C:/Users/studkab5/Downloads/ruppert_practice-main/vendor/laravel/framework/src/Illuminate/Foundation/Console/Kernel.php(201): Symfony/Component/Console/Application->run(Object(Symfony/Component/Console/Input/ArgvInput), Object(Symfony/Component/Console/Output/ConsoleOutput))
#26 C:/Users/studkab5/Downloads/ruppert_practice-main/artisan(35): Illuminate/Foundation/Console/Kernel->handle(Object(Symfony/Component/Console/Input/ArgvInput), Object(Symfony/Component/Console/Output/ConsoleOutput))
#27 {main}

[previous exception] [object] (PDOException(code: 2002): SQLSTATE[HY000] [2002] Подключение не установлено, т.к. конечный компьютер отверг запрос на подключение at C:/Users/studkab5/Downloads/ruppert_practice-main/vendor/laravel/framework/src/Illuminate/Database/Connectors/Connector.php:65)
[stacktrace]
#0 C:/Users/studkab5/Downloads/ruppert_practice-main/vendor/laravel/framework/src/Illuminate/Database/Connectors/Connector.php(65): PDO->__construct('mysql:host=127....', 'forge', Object(SensitiveParameterValue), Array)
#1 C:/Users/studkab5/Downloads/ruppert_practice-main/vendor/laravel/framework/src/Illuminate/Database/Connectors/Connector.php(44): Illuminate/Database/Connectors/Connector->createPdoConnection('mysql:host=127....', 'forge', '', Array)
#2 C:/Users/studkab5/Downloads/ruppert_practice-main/vendor/laravel/framework/src/Illuminate/Database/Connectors/MySqlConnector.php(24): Illuminate/Database/Connectors/Connector->createConnection('mysql:host=127....', Array, Array)
#3 C:/Users/studkab5/Downloads/ruppert_practice-main/vendor/laravel/framework/src/Illuminate/Database/Connectors/ConnectionFactory.php(184): Illuminate/Database/Connectors/MySqlConnector->connect(Array)
#4 [internal function]: Illuminate/Database/Connectors/ConnectionFactory->Illuminate/Database/Connectors/{closure}()
#5 C:/Users/studkab5/Downloads/ruppert_practice-main/vendor/laravel/framework/src/Illuminate/Database/Connection.php(1339): call_user_func(Object(Closure))
#6 C:/Users/studkab5/Downloads/ruppert_practice-main/vendor/laravel/framework/src/Illuminate/Database/Connection.php(528): Illuminate/Database/Connection->getPdo()
#7 C:/Users/studkab5/Downloads/ruppert_practice-main/vendor/laravel/framework/src/Illuminate/Database/Connection.php(423): Illuminate/Database/Connection->getPdoForSelect(false)
#8 C:/Users/studkab5/Downloads/ruppert_practice-main/vendor/laravel/framework/src/Illuminate/Database/Connection.php(816): Illuminate/Database/Connection->Illuminate/Database/{closure}('select table_na...', Array)
#9 C:/Users/studkab5/Downloads/ruppert_practice-main/vendor/laravel/framework/src/Illuminate/Database/Connection.php(783): Illuminate/Database/Connection->runQueryCallback('select table_na...', Array, Object(Closure))
#10 C:/Users/studkab5/Downloads/ruppert_practice-main/vendor/laravel/framework/src/Illuminate/Database/Connection.php(414): Illuminate/Database/Connection->run('select table_na...', Array, Object(Closure))
#11 C:/Users/studkab5/Downloads/ruppert_practice-main/vendor/laravel/framework/src/Illuminate/Database/Connection.php(401): Illuminate/Database/Connection->select('select table_na...', Array, false)
#12 C:/Users/studkab5/Downloads/ruppert_practice-main/vendor/laravel/framework/src/Illuminate/Database/Schema/MySqlBuilder.php(41): Illuminate/Database/Connection->selectFromWriteConnection('select table_na...')
#13 C:/Users/studkab5/Downloads/ruppert_practice-main/vendor/laravel/framework/src/Illuminate/Database/Schema/Builder.php(165): Illuminate/Database/Schema/MySqlBuilder->getTables(false)
#14 C:/Users/studkab5/Downloads/ruppert_practice-main/vendor/laravel/framework/src/Illuminate/Database/Migrations/DatabaseMigrationRepository.php(184): Illuminate/Database/Schema/Builder->hasTable('migrations')
#15 C:/Users/studkab5/Downloads/ruppert_practice-main/vendor/laravel/framework/src/Illuminate/Database/Migrations/Migrator.php(727): Illuminate/Database/Migrations/DatabaseMigrationRepository->repositoryExists()
#16 C:/Users/studkab5/Downloads/ruppert_practice-main/vendor/laravel/framework/src/Illuminate/Database/Console/Migrations/MigrateCommand.php(140): Illuminate/Database/Migrations/Migrator->repositoryExists()
#17 C:/Users/studkab5/Downloads/ruppert_practice-main/vendor/laravel/framework/src/Illuminate/Support/helpers.php(261): Illuminate/Database/Console/Migrations/MigrateCommand->Illuminate/Database/Console/Migrations/{closure}(1)
#18 C:/Users/studkab5/Downloads/ruppert_practice-main/vendor/laravel/framework/src/Illuminate/Database/Console/Migrations/MigrateCommand.php(140): retry(1, Object(Closure), 0, Object(Closure))
#19 C:/Users/studkab5/Downloads/ruppert_practice-main/vendor/laravel/framework/src/Illuminate/Database/Console/Migrations/MigrateCommand.php(116): Illuminate/Database/Console/Migrations/MigrateCommand->repositoryExists()
#20 C:/Users/studkab5/Downloads/ruppert_practice-main/vendor/laravel/framework/src/Illuminate/Database/Console/Migrations/MigrateCommand.php(84): Illuminate/Database/Console/Migrations/MigrateCommand->prepareDatabase()
#21 C:/Users/studkab5/Downloads/ruppert_practice-main/vendor/laravel/framework/src/Illuminate/Database/Migrations/Migrator.php(641): Illuminate/Database/Console/Migrations/MigrateCommand->Illuminate/Database/Console/Migrations/{closure}()
#22 C:/Users/studkab5/Downloads/ruppert_practice-main/vendor/laravel/framework/src/Illuminate/Database/Console/Migrations/MigrateCommand.php(83): Illuminate/Database/Migrations/Migrator->usingConnection(NULL, Object(Closure))
#23 C:/Users/studkab5/Downloads/ruppert_practice-main/vendor/laravel/framework/src/Illuminate/Container/BoundMethod.php(36): Illuminate/Database/Console/Migrations/MigrateCommand->handle()
#24 C:/Users/studkab5/Downloads/ruppert_practice-main/vendor/laravel/framework/src/Illuminate/Container/Util.php(41): Illuminate/Container/BoundMethod::Illuminate/Container/{closure}()
#25 C:/Users/studkab5/Downloads/ruppert_practice-main/vendor/laravel/framework/src/Illuminate/Container/BoundMethod.php(93): Illuminate/Container/Util::unwrapIfClosure(Object(Closure))
#26 C:/Users/studkab5/Downloads/ruppert_practice-main/vendor/laravel/framework/src/Illuminate/Container/BoundMethod.php(35): Illuminate/Container/BoundMethod::callBoundMethod(Object(Illuminate/Foundation/Application), Array, Object(Closure))
#27 C:/Users/studkab5/Downloads/ruppert_practice-main/vendor/laravel/framework/src/Illuminate/Container/Container.php(662): Illuminate/Container/BoundMethod::call(Object(Illuminate/Foundation/Application), Array, Array, NULL)
#28 C:/Users/studkab5/Downloads/ruppert_practice-main/vendor/laravel/framework/src/Illuminate/Console/Command.php(211): Illuminate/Container/Container->call(Array)
#29 C:/Users/studkab5/Downloads/ruppert_practice-main/vendor/symfony/console/Command/Command.php(326): Illuminate/Console/Command->execute(Object(Symfony/Component/Console/Input/ArgvInput), Object(Illuminate/Console/OutputStyle))
#30 C:/Users/studkab5/Downloads/ruppert_practice-main/vendor/laravel/framework/src/Illuminate/Console/Command.php(180): Symfony/Component/Console/Command/Command->run(Object(Symfony/Component/Console/Input/ArgvInput), Object(Illuminate/Console/OutputStyle))
#31 C:/Users/studkab5/Downloads/ruppert_practice-main/vendor/symfony/console/Application.php(1106): Illuminate/Console/Command->run(Object(Symfony/Component/Console/Input/ArgvInput), Object(Symfony/Component/Console/Output/ConsoleOutput))
#32 C:/Users/studkab5/Downloads/ruppert_practice-main/vendor/symfony/console/Application.php(324): Symfony/Component/Console/Application->doRunCommand(Object(Illuminate/Database/Console/Migrations/MigrateCommand), Object(Symfony/Component/Console/Input/ArgvInput), Object(Symfony/Component/Console/Output/ConsoleOutput))
#33 C:/Users/studkab5/Downloads/ruppert_practice-main/vendor/symfony/console/Application.php(175): Symfony/Component/Console/Application->doRun(Object(Symfony/Component/Console/Input/ArgvInput), Object(Symfony/Component/Console/Output/ConsoleOutput))
#34 C:/Users/studkab5/Downloads/ruppert_practice-main/vendor/laravel/framework/src/Illuminate/Foundation/Console/Kernel.php(201): Symfony/Component/Console/Application->run(Object(Symfony/Component/Console/Input/ArgvInput), Object(Symfony/Component/Console/Output/ConsoleOutput))
#35 C:/Users/studkab5/Downloads/ruppert_practice-main/artisan(35): Illuminate/Foundation/Console/Kernel->handle(Object(Symfony/Component/Console/Input/ArgvInput), Object(Symfony/Component/Console/Output/ConsoleOutput))
#36 {main}
"} 
[2026-05-22 07:30:19] local.ERROR: Command "migate" is not defined.

Did you mean one of these?
    migrate
    migrate:fresh
    migrate:install
    migrate:refresh
    migrate:reset
    migrate:rollback
    migrate:status {"exception":"[object] (Symfony\\Component\\Console\\Exception\\CommandNotFoundException(code: 0): Command \"migate\" is not defined.

Did you mean one of these?
    migrate
    migrate:fresh
    migrate:install
    migrate:refresh
    migrate:reset
    migrate:rollback
    migrate:status at C:/OSPanel/domains/ruppert_practice/vendor/symfony/console/Application.php:745)
[stacktrace]
#0 C:/OSPanel/domains/ruppert_practice/vendor/symfony/console/Application.php(266): Symfony/Component/Console/Application->find()
#1 C:/OSPanel/domains/ruppert_practice/vendor/symfony/console/Application.php(175): Symfony/Component/Console/Application->doRun()
#2 C:/OSPanel/domains/ruppert_practice/vendor/laravel/framework/src/Illuminate/Foundation/Console/Kernel.php(201): Symfony/Component/Console/Application->run()
#3 C:/OSPanel/domains/ruppert_practice/artisan(37): Illuminate/Foundation/Console/Kernel->handle()
#4 {main}
"} 
[2026-05-22 07:30:26] local.ERROR: SQLSTATE[42S02]: Base table or view not found: 1146 Table 'ruppert_1.users' doesn't exist (Connection: mysql, SQL: alter table `users` add `status` enum('guest', 'dispatcher', 'admin') not null default 'guest' after `email`) {"exception":"[object] (Illuminate\\Database\\QueryException(code: 42S02): SQLSTATE[42S02]: Base table or view not found: 1146 Table 'ruppert_1.users' doesn't exist (Connection: mysql, SQL: alter table `users` add `status` enum('guest', 'dispatcher', 'admin') not null default 'guest' after `email`) at C:/OSPanel/domains/ruppert_practice/vendor/laravel/framework/src/Illuminate/Database/Connection.php:829)
[stacktrace]
#0 C:/OSPanel/domains/ruppert_practice/vendor/laravel/framework/src/Illuminate/Database/Connection.php(783): Illuminate/Database/Connection->runQueryCallback()
#1 C:/OSPanel/domains/ruppert_practice/vendor/laravel/framework/src/Illuminate/Database/Connection.php(588): Illuminate/Database/Connection->run()
#2 C:/OSPanel/domains/ruppert_practice/vendor/laravel/framework/src/Illuminate/Database/Schema/Blueprint.php(110): Illuminate/Database/Connection->statement()
#3 C:/OSPanel/domains/ruppert_practice/vendor/laravel/framework/src/Illuminate/Database/Schema/Builder.php(602): Illuminate/Database/Schema/Blueprint->build()
#4 C:/OSPanel/domains/ruppert_practice/vendor/laravel/framework/src/Illuminate/Database/Schema/Builder.php(444): Illuminate/Database/Schema/Builder->build()
#5 C:/OSPanel/domains/ruppert_practice/vendor/laravel/framework/src/Illuminate/Support/Facades/Facade.php(355): Illuminate/Database/Schema/Builder->table()
#6 C:/OSPanel/domains/ruppert_practice/database/migrations/add_status_to_users_table.php(11): Illuminate/Support/Facades/Facade::__callStatic()
#7 C:/OSPanel/domains/ruppert_practice/vendor/laravel/framework/src/Illuminate/Database/Migrations/Migrator.php(501): Illuminate/Database/Migrations/Migration@anonymous->up()
#8 C:/OSPanel/domains/ruppert_practice/vendor/laravel/framework/src/Illuminate/Database/Migrations/Migrator.php(418): Illuminate/Database/Migrations/Migrator->runMethod()
#9 C:/OSPanel/domains/ruppert_practice/vendor/laravel/framework/src/Illuminate/Database/Migrations/Migrator.php(427): Illuminate/Database/Migrations/Migrator->Illuminate/Database/Migrations/{closure}()
#10 C:/OSPanel/domains/ruppert_practice/vendor/laravel/framework/src/Illuminate/Database/Migrations/Migrator.php(224): Illuminate/Database/Migrations/Migrator->runMigration()
#11 C:/OSPanel/domains/ruppert_practice/vendor/laravel/framework/src/Illuminate/Console/View/Components/Task.php(37): Illuminate/Database/Migrations/Migrator->Illuminate/Database/Migrations/{closure}()
#12 C:/OSPanel/domains/ruppert_practice/vendor/laravel/framework/src/Illuminate/Database/Migrations/Migrator.php(783): Illuminate/Console/View/Components/Task->render()
#13 C:/OSPanel/domains/ruppert_practice/vendor/laravel/framework/src/Illuminate/Database/Migrations/Migrator.php(224): Illuminate/Database/Migrations/Migrator->write()
#14 C:/OSPanel/domains/ruppert_practice/vendor/laravel/framework/src/Illuminate/Database/Migrations/Migrator.php(189): Illuminate/Database/Migrations/Migrator->runUp()
#15 C:/OSPanel/domains/ruppert_practice/vendor/laravel/framework/src/Illuminate/Database/Migrations/Migrator.php(132): Illuminate/Database/Migrations/Migrator->runPending()
#16 C:/OSPanel/domains/ruppert_practice/vendor/laravel/framework/src/Illuminate/Database/Console/Migrations/MigrateCommand.php(92): Illuminate/Database/Migrations/Migrator->run()
#17 C:/OSPanel/domains/ruppert_practice/vendor/laravel/framework/src/Illuminate/Database/Migrations/Migrator.php(641): Illuminate/Database/Console/Migrations/MigrateCommand->Illuminate/Database/Console/Migrations/{closure}()
#18 C:/OSPanel/domains/ruppert_practice/vendor/laravel/framework/src/Illuminate/Database/Console/Migrations/MigrateCommand.php(104): Illuminate/Database/Migrations/Migrator->usingConnection()
#19 C:/OSPanel/domains/ruppert_practice/vendor/laravel/framework/src/Illuminate/Container/BoundMethod.php(36): Illuminate/Database/Console/Migrations/MigrateCommand->handle()
#20 C:/OSPanel/domains/ruppert_practice/vendor/laravel/framework/src/Illuminate/Container/Util.php(41): Illuminate/Container/BoundMethod::Illuminate/Container/{closure}()
#21 C:/OSPanel/domains/ruppert_practice/vendor/laravel/framework/src/Illuminate/Container/BoundMethod.php(93): Illuminate/Container/Util::unwrapIfClosure()
#22 C:/OSPanel/domains/ruppert_practice/vendor/laravel/framework/src/Illuminate/Container/BoundMethod.php(37): Illuminate/Container/BoundMethod::callBoundMethod()
#23 C:/OSPanel/domains/ruppert_practice/vendor/laravel/framework/src/Illuminate/Container/Container.php(662): Illuminate/Container/BoundMethod::call()
#24 C:/OSPanel/domains/ruppert_practice/vendor/laravel/framework/src/Illuminate/Console/Command.php(211): Illuminate/Container/Container->call()
#25 C:/OSPanel/domains/ruppert_practice/vendor/symfony/console/Command/Command.php(326): Illuminate/Console/Command->execute()
#26 C:/OSPanel/domains/ruppert_practice/vendor/laravel/framework/src/Illuminate/Console/Command.php(181): Symfony/Component/Console/Command/Command->run()
#27 C:/OSPanel/domains/ruppert_practice/vendor/symfony/console/Application.php(1121): Illuminate/Console/Command->run()
#28 C:/OSPanel/domains/ruppert_practice/vendor/symfony/console/Application.php(324): Symfony/Component/Console/Application->doRunCommand()
#29 C:/OSPanel/domains/ruppert_practice/vendor/symfony/console/Application.php(175): Symfony/Component/Console/Application->doRun()
#30 C:/OSPanel/domains/ruppert_practice/vendor/laravel/framework/src/Illuminate/Foundation/Console/Kernel.php(201): Symfony/Component/Console/Application->run()
#31 C:/OSPanel/domains/ruppert_practice/artisan(37): Illuminate/Foundation/Console/Kernel->handle()
#32 {main}

[previous exception] [object] (PDOException(code: 42S02): SQLSTATE[42S02]: Base table or view not found: 1146 Table 'ruppert_1.users' doesn't exist at C:/OSPanel/domains/ruppert_practice/vendor/laravel/framework/src/Illuminate/Database/Connection.php:587)
[stacktrace]
#0 C:/OSPanel/domains/ruppert_practice/vendor/laravel/framework/src/Illuminate/Database/Connection.php(587): PDOStatement->execute()
#1 C:/OSPanel/domains/ruppert_practice/vendor/laravel/framework/src/Illuminate/Database/Connection.php(816): Illuminate/Database/Connection->Illuminate/Database/{closure}()
#2 C:/OSPanel/domains/ruppert_practice/vendor/laravel/framework/src/Illuminate/Database/Connection.php(783): Illuminate/Database/Connection->runQueryCallback()
#3 C:/OSPanel/domains/ruppert_practice/vendor/laravel/framework/src/Illuminate/Database/Connection.php(588): Illuminate/Database/Connection->run()
#4 C:/OSPanel/domains/ruppert_practice/vendor/laravel/framework/src/Illuminate/Database/Schema/Blueprint.php(110): Illuminate/Database/Connection->statement()
#5 C:/OSPanel/domains/ruppert_practice/vendor/laravel/framework/src/Illuminate/Database/Schema/Builder.php(602): Illuminate/Database/Schema/Blueprint->build()
#6 C:/OSPanel/domains/ruppert_practice/vendor/laravel/framework/src/Illuminate/Database/Schema/Builder.php(444): Illuminate/Database/Schema/Builder->build()
#7 C:/OSPanel/domains/ruppert_practice/vendor/laravel/framework/src/Illuminate/Support/Facades/Facade.php(355): Illuminate/Database/Schema/Builder->table()
#8 C:/OSPanel/domains/ruppert_practice/database/migrations/add_status_to_users_table.php(11): Illuminate/Support/Facades/Facade::__callStatic()
#9 C:/OSPanel/domains/ruppert_practice/vendor/laravel/framework/src/Illuminate/Database/Migrations/Migrator.php(501): Illuminate/Database/Migrations/Migration@anonymous->up()
#10 C:/OSPanel/domains/ruppert_practice/vendor/laravel/framework/src/Illuminate/Database/Migrations/Migrator.php(418): Illuminate/Database/Migrations/Migrator->runMethod()
#11 C:/OSPanel/domains/ruppert_practice/vendor/laravel/framework/src/Illuminate/Database/Migrations/Migrator.php(427): Illuminate/Database/Migrations/Migrator->Illuminate/Database/Migrations/{closure}()
#12 C:/OSPanel/domains/ruppert_practice/vendor/laravel/framework/src/Illuminate/Database/Migrations/Migrator.php(224): Illuminate/Database/Migrations/Migrator->runMigration()
#13 C:/OSPanel/domains/ruppert_practice/vendor/laravel/framework/src/Illuminate/Console/View/Components/Task.php(37): Illuminate/Database/Migrations/Migrator->Illuminate/Database/Migrations/{closure}()
#14 C:/OSPanel/domains/ruppert_practice/vendor/laravel/framework/src/Illuminate/Database/Migrations/Migrator.php(783): Illuminate/Console/View/Components/Task->render()
#15 C:/OSPanel/domains/ruppert_practice/vendor/laravel/framework/src/Illuminate/Database/Migrations/Migrator.php(224): Illuminate/Database/Migrations/Migrator->write()
#16 C:/OSPanel/domains/ruppert_practice/vendor/laravel/framework/src/Illuminate/Database/Migrations/Migrator.php(189): Illuminate/Database/Migrations/Migrator->runUp()
#17 C:/OSPanel/domains/ruppert_practice/vendor/laravel/framework/src/Illuminate/Database/Migrations/Migrator.php(132): Illuminate/Database/Migrations/Migrator->runPending()
#18 C:/OSPanel/domains/ruppert_practice/vendor/laravel/framework/src/Illuminate/Database/Console/Migrations/MigrateCommand.php(92): Illuminate/Database/Migrations/Migrator->run()
#19 C:/OSPanel/domains/ruppert_practice/vendor/laravel/framework/src/Illuminate/Database/Migrations/Migrator.php(641): Illuminate/Database/Console/Migrations/MigrateCommand->Illuminate/Database/Console/Migrations/{closure}()
#20 C:/OSPanel/domains/ruppert_practice/vendor/laravel/framework/src/Illuminate/Database/Console/Migrations/MigrateCommand.php(104): Illuminate/Database/Migrations/Migrator->usingConnection()
#21 C:/OSPanel/domains/ruppert_practice/vendor/laravel/framework/src/Illuminate/Container/BoundMethod.php(36): Illuminate/Database/Console/Migrations/MigrateCommand->handle()
#22 C:/OSPanel/domains/ruppert_practice/vendor/laravel/framework/src/Illuminate/Container/Util.php(41): Illuminate/Container/BoundMethod::Illuminate/Container/{closure}()
#23 C:/OSPanel/domains/ruppert_practice/vendor/laravel/framework/src/Illuminate/Container/BoundMethod.php(93): Illuminate/Container/Util::unwrapIfClosure()
#24 C:/OSPanel/domains/ruppert_practice/vendor/laravel/framework/src/Illuminate/Container/BoundMethod.php(37): Illuminate/Container/BoundMethod::callBoundMethod()
#25 C:/OSPanel/domains/ruppert_practice/vendor/laravel/framework/src/Illuminate/Container/Container.php(662): Illuminate/Container/BoundMethod::call()
#26 C:/OSPanel/domains/ruppert_practice/vendor/laravel/framework/src/Illuminate/Console/Command.php(211): Illuminate/Container/Container->call()
#27 C:/OSPanel/domains/ruppert_practice/vendor/symfony/console/Command/Command.php(326): Illuminate/Console/Command->execute()
#28 C:/OSPanel/domains/ruppert_practice/vendor/laravel/framework/src/Illuminate/Console/Command.php(181): Symfony/Component/Console/Command/Command->run()
#29 C:/OSPanel/domains/ruppert_practice/vendor/symfony/console/Application.php(1121): Illuminate/Console/Command->run()
#30 C:/OSPanel/domains/ruppert_practice/vendor/symfony/console/Application.php(324): Symfony/Component/Console/Application->doRunCommand()
#31 C:/OSPanel/domains/ruppert_practice/vendor/symfony/console/Application.php(175): Symfony/Component/Console/Application->doRun()
#32 C:/OSPanel/domains/ruppert_practice/vendor/laravel/framework/src/Illuminate/Foundation/Console/Kernel.php(201): Symfony/Component/Console/Application->run()
#33 C:/OSPanel/domains/ruppert_practice/artisan(37): Illuminate/Foundation/Console/Kernel->handle()
#34 {main}
"} 
[2026-05-22 07:36:32] local.ERROR: SQLSTATE[42S02]: Base table or view not found: 1146 Table 'ruppert_1.users' doesn't exist (Connection: mysql, SQL: alter table `users` add `status` enum('guest', 'dispatcher', 'admin') not null default 'guest' after `email`) {"exception":"[object] (Illuminate\\Database\\QueryException(code: 42S02): SQLSTATE[42S02]: Base table or view not found: 1146 Table 'ruppert_1.users' doesn't exist (Connection: mysql, SQL: alter table `users` add `status` enum('guest', 'dispatcher', 'admin') not null default 'guest' after `email`) at C:/OSPanel/domains/ruppert_practice/vendor/laravel/framework/src/Illuminate/Database/Connection.php:829)
[stacktrace]
#0 C:/OSPanel/domains/ruppert_practice/vendor/laravel/framework/src/Illuminate/Database/Connection.php(783): Illuminate/Database/Connection->runQueryCallback()
#1 C:/OSPanel/domains/ruppert_practice/vendor/laravel/framework/src/Illuminate/Database/Connection.php(588): Illuminate/Database/Connection->run()
#2 C:/OSPanel/domains/ruppert_practice/vendor/laravel/framework/src/Illuminate/Database/Schema/Blueprint.php(110): Illuminate/Database/Connection->statement()
#3 C:/OSPanel/domains/ruppert_practice/vendor/laravel/framework/src/Illuminate/Database/Schema/Builder.php(602): Illuminate/Database/Schema/Blueprint->build()
#4 C:/OSPanel/domains/ruppert_practice/vendor/laravel/framework/src/Illuminate/Database/Schema/Builder.php(444): Illuminate/Database/Schema/Builder->build()
#5 C:/OSPanel/domains/ruppert_practice/vendor/laravel/framework/src/Illuminate/Support/Facades/Facade.php(355): Illuminate/Database/Schema/Builder->table()
#6 C:/OSPanel/domains/ruppert_practice/database/migrations/add_status_to_users_table.php(11): Illuminate/Support/Facades/Facade::__callStatic()
#7 C:/OSPanel/domains/ruppert_practice/vendor/laravel/framework/src/Illuminate/Database/Migrations/Migrator.php(501): Illuminate/Database/Migrations/Migration@anonymous->up()
#8 C:/OSPanel/domains/ruppert_practice/vendor/laravel/framework/src/Illuminate/Database/Migrations/Migrator.php(418): Illuminate/Database/Migrations/Migrator->runMethod()
#9 C:/OSPanel/domains/ruppert_practice/vendor/laravel/framework/src/Illuminate/Database/Migrations/Migrator.php(427): Illuminate/Database/Migrations/Migrator->Illuminate/Database/Migrations/{closure}()
#10 C:/OSPanel/domains/ruppert_practice/vendor/laravel/framework/src/Illuminate/Database/Migrations/Migrator.php(224): Illuminate/Database/Migrations/Migrator->runMigration()
#11 C:/OSPanel/domains/ruppert_practice/vendor/laravel/framework/src/Illuminate/Console/View/Components/Task.php(37): Illuminate/Database/Migrations/Migrator->Illuminate/Database/Migrations/{closure}()
#12 C:/OSPanel/domains/ruppert_practice/vendor/laravel/framework/src/Illuminate/Database/Migrations/Migrator.php(783): Illuminate/Console/View/Components/Task->render()
#13 C:/OSPanel/domains/ruppert_practice/vendor/laravel/framework/src/Illuminate/Database/Migrations/Migrator.php(224): Illuminate/Database/Migrations/Migrator->write()
#14 C:/OSPanel/domains/ruppert_practice/vendor/laravel/framework/src/Illuminate/Database/Migrations/Migrator.php(189): Illuminate/Database/Migrations/Migrator->runUp()
#15 C:/OSPanel/domains/ruppert_practice/vendor/laravel/framework/src/Illuminate/Database/Migrations/Migrator.php(132): Illuminate/Database/Migrations/Migrator->runPending()
#16 C:/OSPanel/domains/ruppert_practice/vendor/laravel/framework/src/Illuminate/Database/Console/Migrations/MigrateCommand.php(92): Illuminate/Database/Migrations/Migrator->run()
#17 C:/OSPanel/domains/ruppert_practice/vendor/laravel/framework/src/Illuminate/Database/Migrations/Migrator.php(641): Illuminate/Database/Console/Migrations/MigrateCommand->Illuminate/Database/Console/Migrations/{closure}()
#18 C:/OSPanel/domains/ruppert_practice/vendor/laravel/framework/src/Illuminate/Database/Console/Migrations/MigrateCommand.php(104): Illuminate/Database/Migrations/Migrator->usingConnection()
#19 C:/OSPanel/domains/ruppert_practice/vendor/laravel/framework/src/Illuminate/Container/BoundMethod.php(36): Illuminate/Database/Console/Migrations/MigrateCommand->handle()
#20 C:/OSPanel/domains/ruppert_practice/vendor/laravel/framework/src/Illuminate/Container/Util.php(41): Illuminate/Container/BoundMethod::Illuminate/Container/{closure}()
#21 C:/OSPanel/domains/ruppert_practice/vendor/laravel/framework/src/Illuminate/Container/BoundMethod.php(93): Illuminate/Container/Util::unwrapIfClosure()
#22 C:/OSPanel/domains/ruppert_practice/vendor/laravel/framework/src/Illuminate/Container/BoundMethod.php(37): Illuminate/Container/BoundMethod::callBoundMethod()
#23 C:/OSPanel/domains/ruppert_practice/vendor/laravel/framework/src/Illuminate/Container/Container.php(662): Illuminate/Container/BoundMethod::call()
#24 C:/OSPanel/domains/ruppert_practice/vendor/laravel/framework/src/Illuminate/Console/Command.php(211): Illuminate/Container/Container->call()
#25 C:/OSPanel/domains/ruppert_practice/vendor/symfony/console/Command/Command.php(326): Illuminate/Console/Command->execute()
#26 C:/OSPanel/domains/ruppert_practice/vendor/laravel/framework/src/Illuminate/Console/Command.php(181): Symfony/Component/Console/Command/Command->run()
#27 C:/OSPanel/domains/ruppert_practice/vendor/laravel/framework/src/Illuminate/Console/Concerns/CallsCommands.php(68): Illuminate/Console/Command->run()
#28 C:/OSPanel/domains/ruppert_practice/vendor/laravel/framework/src/Illuminate/Console/Concerns/CallsCommands.php(28): Illuminate/Console/Command->runCommand()
#29 C:/OSPanel/domains/ruppert_practice/vendor/laravel/framework/src/Illuminate/Database/Console/Migrations/FreshCommand.php(59): Illuminate/Console/Command->call()
#30 C:/OSPanel/domains/ruppert_practice/vendor/laravel/framework/src/Illuminate/Container/BoundMethod.php(36): Illuminate/Database/Console/Migrations/FreshCommand->handle()
#31 C:/OSPanel/domains/ruppert_practice/vendor/laravel/framework/src/Illuminate/Container/Util.php(41): Illuminate/Container/BoundMethod::Illuminate/Container/{closure}()
#32 C:/OSPanel/domains/ruppert_practice/vendor/laravel/framework/src/Illuminate/Container/BoundMethod.php(93): Illuminate/Container/Util::unwrapIfClosure()
#33 C:/OSPanel/domains/ruppert_practice/vendor/laravel/framework/src/Illuminate/Container/BoundMethod.php(37): Illuminate/Container/BoundMethod::callBoundMethod()
#34 C:/OSPanel/domains/ruppert_practice/vendor/laravel/framework/src/Illuminate/Container/Container.php(662): Illuminate/Container/BoundMethod::call()
#35 C:/OSPanel/domains/ruppert_practice/vendor/laravel/framework/src/Illuminate/Console/Command.php(211): Illuminate/Container/Container->call()
#36 C:/OSPanel/domains/ruppert_practice/vendor/symfony/console/Command/Command.php(326): Illuminate/Console/Command->execute()
#37 C:/OSPanel/domains/ruppert_practice/vendor/laravel/framework/src/Illuminate/Console/Command.php(181): Symfony/Component/Console/Command/Command->run()
#38 C:/OSPanel/domains/ruppert_practice/vendor/symfony/console/Application.php(1121): Illuminate/Console/Command->run()
#39 C:/OSPanel/domains/ruppert_practice/vendor/symfony/console/Application.php(324): Symfony/Component/Console/Application->doRunCommand()
#40 C:/OSPanel/domains/ruppert_practice/vendor/symfony/console/Application.php(175): Symfony/Component/Console/Application->doRun()
#41 C:/OSPanel/domains/ruppert_practice/vendor/laravel/framework/src/Illuminate/Foundation/Console/Kernel.php(201): Symfony/Component/Console/Application->run()
#42 C:/OSPanel/domains/ruppert_practice/artisan(37): Illuminate/Foundation/Console/Kernel->handle()
#43 {main}

[previous exception] [object] (PDOException(code: 42S02): SQLSTATE[42S02]: Base table or view not found: 1146 Table 'ruppert_1.users' doesn't exist at C:/OSPanel/domains/ruppert_practice/vendor/laravel/framework/src/Illuminate/Database/Connection.php:587)
[stacktrace]
#0 C:/OSPanel/domains/ruppert_practice/vendor/laravel/framework/src/Illuminate/Database/Connection.php(587): PDOStatement->execute()
#1 C:/OSPanel/domains/ruppert_practice/vendor/laravel/framework/src/Illuminate/Database/Connection.php(816): Illuminate/Database/Connection->Illuminate/Database/{closure}()
#2 C:/OSPanel/domains/ruppert_practice/vendor/laravel/framework/src/Illuminate/Database/Connection.php(783): Illuminate/Database/Connection->runQueryCallback()
#3 C:/OSPanel/domains/ruppert_practice/vendor/laravel/framework/src/Illuminate/Database/Connection.php(588): Illuminate/Database/Connection->run()
#4 C:/OSPanel/domains/ruppert_practice/vendor/laravel/framework/src/Illuminate/Database/Schema/Blueprint.php(110): Illuminate/Database/Connection->statement()
#5 C:/OSPanel/domains/ruppert_practice/vendor/laravel/framework/src/Illuminate/Database/Schema/Builder.php(602): Illuminate/Database/Schema/Blueprint->build()
#6 C:/OSPanel/domains/ruppert_practice/vendor/laravel/framework/src/Illuminate/Database/Schema/Builder.php(444): Illuminate/Database/Schema/Builder->build()
#7 C:/OSPanel/domains/ruppert_practice/vendor/laravel/framework/src/Illuminate/Support/Facades/Facade.php(355): Illuminate/Database/Schema/Builder->table()
#8 C:/OSPanel/domains/ruppert_practice/database/migrations/add_status_to_users_table.php(11): Illuminate/Support/Facades/Facade::__callStatic()
#9 C:/OSPanel/domains/ruppert_practice/vendor/laravel/framework/src/Illuminate/Database/Migrations/Migrator.php(501): Illuminate/Database/Migrations/Migration@anonymous->up()
#10 C:/OSPanel/domains/ruppert_practice/vendor/laravel/framework/src/Illuminate/Database/Migrations/Migrator.php(418): Illuminate/Database/Migrations/Migrator->runMethod()
#11 C:/OSPanel/domains/ruppert_practice/vendor/laravel/framework/src/Illuminate/Database/Migrations/Migrator.php(427): Illuminate/Database/Migrations/Migrator->Illuminate/Database/Migrations/{closure}()
#12 C:/OSPanel/domains/ruppert_practice/vendor/laravel/framework/src/Illuminate/Database/Migrations/Migrator.php(224): Illuminate/Database/Migrations/Migrator->runMigration()
#13 C:/OSPanel/domains/ruppert_practice/vendor/laravel/framework/src/Illuminate/Console/View/Components/Task.php(37): Illuminate/Database/Migrations/Migrator->Illuminate/Database/Migrations/{closure}()
#14 C:/OSPanel/domains/ruppert_practice/vendor/laravel/framework/src/Illuminate/Database/Migrations/Migrator.php(783): Illuminate/Console/View/Components/Task->render()
#15 C:/OSPanel/domains/ruppert_practice/vendor/laravel/framework/src/Illuminate/Database/Migrations/Migrator.php(224): Illuminate/Database/Migrations/Migrator->write()
#16 C:/OSPanel/domains/ruppert_practice/vendor/laravel/framework/src/Illuminate/Database/Migrations/Migrator.php(189): Illuminate/Database/Migrations/Migrator->runUp()
#17 C:/OSPanel/domains/ruppert_practice/vendor/laravel/framework/src/Illuminate/Database/Migrations/Migrator.php(132): Illuminate/Database/Migrations/Migrator->runPending()
#18 C:/OSPanel/domains/ruppert_practice/vendor/laravel/framework/src/Illuminate/Database/Console/Migrations/MigrateCommand.php(92): Illuminate/Database/Migrations/Migrator->run()
#19 C:/OSPanel/domains/ruppert_practice/vendor/laravel/framework/src/Illuminate/Database/Migrations/Migrator.php(641): Illuminate/Database/Console/Migrations/MigrateCommand->Illuminate/Database/Console/Migrations/{closure}()
#20 C:/OSPanel/domains/ruppert_practice/vendor/laravel/framework/src/Illuminate/Database/Console/Migrations/MigrateCommand.php(104): Illuminate/Database/Migrations/Migrator->usingConnection()
#21 C:/OSPanel/domains/ruppert_practice/vendor/laravel/framework/src/Illuminate/Container/BoundMethod.php(36): Illuminate/Database/Console/Migrations/MigrateCommand->handle()
#22 C:/OSPanel/domains/ruppert_practice/vendor/laravel/framework/src/Illuminate/Container/Util.php(41): Illuminate/Container/BoundMethod::Illuminate/Container/{closure}()
#23 C:/OSPanel/domains/ruppert_practice/vendor/laravel/framework/src/Illuminate/Container/BoundMethod.php(93): Illuminate/Container/Util::unwrapIfClosure()
#24 C:/OSPanel/domains/ruppert_practice/vendor/laravel/framework/src/Illuminate/Container/BoundMethod.php(37): Illuminate/Container/BoundMethod::callBoundMethod()
#25 C:/OSPanel/domains/ruppert_practice/vendor/laravel/framework/src/Illuminate/Container/Container.php(662): Illuminate/Container/BoundMethod::call()
#26 C:/OSPanel/domains/ruppert_practice/vendor/laravel/framework/src/Illuminate/Console/Command.php(211): Illuminate/Container/Container->call()
#27 C:/OSPanel/domains/ruppert_practice/vendor/symfony/console/Command/Command.php(326): Illuminate/Console/Command->execute()
#28 C:/OSPanel/domains/ruppert_practice/vendor/laravel/framework/src/Illuminate/Console/Command.php(181): Symfony/Component/Console/Command/Command->run()
#29 C:/OSPanel/domains/ruppert_practice/vendor/laravel/framework/src/Illuminate/Console/Concerns/CallsCommands.php(68): Illuminate/Console/Command->run()
#30 C:/OSPanel/domains/ruppert_practice/vendor/laravel/framework/src/Illuminate/Console/Concerns/CallsCommands.php(28): Illuminate/Console/Command->runCommand()
#31 C:/OSPanel/domains/ruppert_practice/vendor/laravel/framework/src/Illuminate/Database/Console/Migrations/FreshCommand.php(59): Illuminate/Console/Command->call()
#32 C:/OSPanel/domains/ruppert_practice/vendor/laravel/framework/src/Illuminate/Container/BoundMethod.php(36): Illuminate/Database/Console/Migrations/FreshCommand->handle()
#33 C:/OSPanel/domains/ruppert_practice/vendor/laravel/framework/src/Illuminate/Container/Util.php(41): Illuminate/Container/BoundMethod::Illuminate/Container/{closure}()
#34 C:/OSPanel/domains/ruppert_practice/vendor/laravel/framework/src/Illuminate/Container/BoundMethod.php(93): Illuminate/Container/Util::unwrapIfClosure()
#35 C:/OSPanel/domains/ruppert_practice/vendor/laravel/framework/src/Illuminate/Container/BoundMethod.php(37): Illuminate/Container/BoundMethod::callBoundMethod()
#36 C:/OSPanel/domains/ruppert_practice/vendor/laravel/framework/src/Illuminate/Container/Container.php(662): Illuminate/Container/BoundMethod::call()
#37 C:/OSPanel/domains/ruppert_practice/vendor/laravel/framework/src/Illuminate/Console/Command.php(211): Illuminate/Container/Container->call()
#38 C:/OSPanel/domains/ruppert_practice/vendor/symfony/console/Command/Command.php(326): Illuminate/Console/Command->execute()
#39 C:/OSPanel/domains/ruppert_practice/vendor/laravel/framework/src/Illuminate/Console/Command.php(181): Symfony/Component/Console/Command/Command->run()
#40 C:/OSPanel/domains/ruppert_practice/vendor/symfony/console/Application.php(1121): Illuminate/Console/Command->run()
#41 C:/OSPanel/domains/ruppert_practice/vendor/symfony/console/Application.php(324): Symfony/Component/Console/Application->doRunCommand()
#42 C:/OSPanel/domains/ruppert_practice/vendor/symfony/console/Application.php(175): Symfony/Component/Console/Application->doRun()
#43 C:/OSPanel/domains/ruppert_practice/vendor/laravel/framework/src/Illuminate/Foundation/Console/Kernel.php(201): Symfony/Component/Console/Application->run()
#44 C:/OSPanel/domains/ruppert_practice/artisan(37): Illuminate/Foundation/Console/Kernel->handle()
#45 {main}
"} 
[2026-05-22 07:37:16] local.ERROR: SQLSTATE[42S02]: Base table or view not found: 1146 Table 'ruppert_1.users' doesn't exist (Connection: mysql, SQL: alter table `users` add `status` enum('guest', 'dispatcher', 'admin') not null default 'guest' after `email`) {"exception":"[object] (Illuminate\\Database\\QueryException(code: 42S02): SQLSTATE[42S02]: Base table or view not found: 1146 Table 'ruppert_1.users' doesn't exist (Connection: mysql, SQL: alter table `users` add `status` enum('guest', 'dispatcher', 'admin') not null default 'guest' after `email`) at C:/OSPanel/domains/ruppert_practice/vendor/laravel/framework/src/Illuminate/Database/Connection.php:829)
[stacktrace]
#0 C:/OSPanel/domains/ruppert_practice/vendor/laravel/framework/src/Illuminate/Database/Connection.php(783): Illuminate/Database/Connection->runQueryCallback()
#1 C:/OSPanel/domains/ruppert_practice/vendor/laravel/framework/src/Illuminate/Database/Connection.php(588): Illuminate/Database/Connection->run()
#2 C:/OSPanel/domains/ruppert_practice/vendor/laravel/framework/src/Illuminate/Database/Schema/Blueprint.php(110): Illuminate/Database/Connection->statement()
#3 C:/OSPanel/domains/ruppert_practice/vendor/laravel/framework/src/Illuminate/Database/Schema/Builder.php(602): Illuminate/Database/Schema/Blueprint->build()
#4 C:/OSPanel/domains/ruppert_practice/vendor/laravel/framework/src/Illuminate/Database/Schema/Builder.php(444): Illuminate/Database/Schema/Builder->build()
#5 C:/OSPanel/domains/ruppert_practice/vendor/laravel/framework/src/Illuminate/Support/Facades/Facade.php(355): Illuminate/Database/Schema/Builder->table()
#6 C:/OSPanel/domains/ruppert_practice/database/migrations/add_status_to_users_table.php(11): Illuminate/Support/Facades/Facade::__callStatic()
#7 C:/OSPanel/domains/ruppert_practice/vendor/laravel/framework/src/Illuminate/Database/Migrations/Migrator.php(501): Illuminate/Database/Migrations/Migration@anonymous->up()
#8 C:/OSPanel/domains/ruppert_practice/vendor/laravel/framework/src/Illuminate/Database/Migrations/Migrator.php(418): Illuminate/Database/Migrations/Migrator->runMethod()
#9 C:/OSPanel/domains/ruppert_practice/vendor/laravel/framework/src/Illuminate/Database/Migrations/Migrator.php(427): Illuminate/Database/Migrations/Migrator->Illuminate/Database/Migrations/{closure}()
#10 C:/OSPanel/domains/ruppert_practice/vendor/laravel/framework/src/Illuminate/Database/Migrations/Migrator.php(224): Illuminate/Database/Migrations/Migrator->runMigration()
#11 C:/OSPanel/domains/ruppert_practice/vendor/laravel/framework/src/Illuminate/Console/View/Components/Task.php(37): Illuminate/Database/Migrations/Migrator->Illuminate/Database/Migrations/{closure}()
#12 C:/OSPanel/domains/ruppert_practice/vendor/laravel/framework/src/Illuminate/Database/Migrations/Migrator.php(783): Illuminate/Console/View/Components/Task->render()
#13 C:/OSPanel/domains/ruppert_practice/vendor/laravel/framework/src/Illuminate/Database/Migrations/Migrator.php(224): Illuminate/Database/Migrations/Migrator->write()
#14 C:/OSPanel/domains/ruppert_practice/vendor/laravel/framework/src/Illuminate/Database/Migrations/Migrator.php(189): Illuminate/Database/Migrations/Migrator->runUp()
#15 C:/OSPanel/domains/ruppert_practice/vendor/laravel/framework/src/Illuminate/Database/Migrations/Migrator.php(132): Illuminate/Database/Migrations/Migrator->runPending()
#16 C:/OSPanel/domains/ruppert_practice/vendor/laravel/framework/src/Illuminate/Database/Console/Migrations/MigrateCommand.php(92): Illuminate/Database/Migrations/Migrator->run()
#17 C:/OSPanel/domains/ruppert_practice/vendor/laravel/framework/src/Illuminate/Database/Migrations/Migrator.php(641): Illuminate/Database/Console/Migrations/MigrateCommand->Illuminate/Database/Console/Migrations/{closure}()
#18 C:/OSPanel/domains/ruppert_practice/vendor/laravel/framework/src/Illuminate/Database/Console/Migrations/MigrateCommand.php(104): Illuminate/Database/Migrations/Migrator->usingConnection()
#19 C:/OSPanel/domains/ruppert_practice/vendor/laravel/framework/src/Illuminate/Container/BoundMethod.php(36): Illuminate/Database/Console/Migrations/MigrateCommand->handle()
#20 C:/OSPanel/domains/ruppert_practice/vendor/laravel/framework/src/Illuminate/Container/Util.php(41): Illuminate/Container/BoundMethod::Illuminate/Container/{closure}()
#21 C:/OSPanel/domains/ruppert_practice/vendor/laravel/framework/src/Illuminate/Container/BoundMethod.php(93): Illuminate/Container/Util::unwrapIfClosure()
#22 C:/OSPanel/domains/ruppert_practice/vendor/laravel/framework/src/Illuminate/Container/BoundMethod.php(37): Illuminate/Container/BoundMethod::callBoundMethod()
#23 C:/OSPanel/domains/ruppert_practice/vendor/laravel/framework/src/Illuminate/Container/Container.php(662): Illuminate/Container/BoundMethod::call()
#24 C:/OSPanel/domains/ruppert_practice/vendor/laravel/framework/src/Illuminate/Console/Command.php(211): Illuminate/Container/Container->call()
#25 C:/OSPanel/domains/ruppert_practice/vendor/symfony/console/Command/Command.php(326): Illuminate/Console/Command->execute()
#26 C:/OSPanel/domains/ruppert_practice/vendor/laravel/framework/src/Illuminate/Console/Command.php(181): Symfony/Component/Console/Command/Command->run()
#27 C:/OSPanel/domains/ruppert_practice/vendor/laravel/framework/src/Illuminate/Console/Concerns/CallsCommands.php(68): Illuminate/Console/Command->run()
#28 C:/OSPanel/domains/ruppert_practice/vendor/laravel/framework/src/Illuminate/Console/Concerns/CallsCommands.php(28): Illuminate/Console/Command->runCommand()
#29 C:/OSPanel/domains/ruppert_practice/vendor/laravel/framework/src/Illuminate/Database/Console/Migrations/FreshCommand.php(59): Illuminate/Console/Command->call()
#30 C:/OSPanel/domains/ruppert_practice/vendor/laravel/framework/src/Illuminate/Container/BoundMethod.php(36): Illuminate/Database/Console/Migrations/FreshCommand->handle()
#31 C:/OSPanel/domains/ruppert_practice/vendor/laravel/framework/src/Illuminate/Container/Util.php(41): Illuminate/Container/BoundMethod::Illuminate/Container/{closure}()
#32 C:/OSPanel/domains/ruppert_practice/vendor/laravel/framework/src/Illuminate/Container/BoundMethod.php(93): Illuminate/Container/Util::unwrapIfClosure()
#33 C:/OSPanel/domains/ruppert_practice/vendor/laravel/framework/src/Illuminate/Container/BoundMethod.php(37): Illuminate/Container/BoundMethod::callBoundMethod()
#34 C:/OSPanel/domains/ruppert_practice/vendor/laravel/framework/src/Illuminate/Container/Container.php(662): Illuminate/Container/BoundMethod::call()
#35 C:/OSPanel/domains/ruppert_practice/vendor/laravel/framework/src/Illuminate/Console/Command.php(211): Illuminate/Container/Container->call()
#36 C:/OSPanel/domains/ruppert_practice/vendor/symfony/console/Command/Command.php(326): Illuminate/Console/Command->execute()
#37 C:/OSPanel/domains/ruppert_practice/vendor/laravel/framework/src/Illuminate/Console/Command.php(181): Symfony/Component/Console/Command/Command->run()
#38 C:/OSPanel/domains/ruppert_practice/vendor/symfony/console/Application.php(1121): Illuminate/Console/Command->run()
#39 C:/OSPanel/domains/ruppert_practice/vendor/symfony/console/Application.php(324): Symfony/Component/Console/Application->doRunCommand()
#40 C:/OSPanel/domains/ruppert_practice/vendor/symfony/console/Application.php(175): Symfony/Component/Console/Application->doRun()
#41 C:/OSPanel/domains/ruppert_practice/vendor/laravel/framework/src/Illuminate/Foundation/Console/Kernel.php(201): Symfony/Component/Console/Application->run()
#42 C:/OSPanel/domains/ruppert_practice/artisan(37): Illuminate/Foundation/Console/Kernel->handle()
#43 {main}

[previous exception] [object] (PDOException(code: 42S02): SQLSTATE[42S02]: Base table or view not found: 1146 Table 'ruppert_1.users' doesn't exist at C:/OSPanel/domains/ruppert_practice/vendor/laravel/framework/src/Illuminate/Database/Connection.php:587)
[stacktrace]
#0 C:/OSPanel/domains/ruppert_practice/vendor/laravel/framework/src/Illuminate/Database/Connection.php(587): PDOStatement->execute()
#1 C:/OSPanel/domains/ruppert_practice/vendor/laravel/framework/src/Illuminate/Database/Connection.php(816): Illuminate/Database/Connection->Illuminate/Database/{closure}()
#2 C:/OSPanel/domains/ruppert_practice/vendor/laravel/framework/src/Illuminate/Database/Connection.php(783): Illuminate/Database/Connection->runQueryCallback()
#3 C:/OSPanel/domains/ruppert_practice/vendor/laravel/framework/src/Illuminate/Database/Connection.php(588): Illuminate/Database/Connection->run()
#4 C:/OSPanel/domains/ruppert_practice/vendor/laravel/framework/src/Illuminate/Database/Schema/Blueprint.php(110): Illuminate/Database/Connection->statement()
#5 C:/OSPanel/domains/ruppert_practice/vendor/laravel/framework/src/Illuminate/Database/Schema/Builder.php(602): Illuminate/Database/Schema/Blueprint->build()
#6 C:/OSPanel/domains/ruppert_practice/vendor/laravel/framework/src/Illuminate/Database/Schema/Builder.php(444): Illuminate/Database/Schema/Builder->build()
#7 C:/OSPanel/domains/ruppert_practice/vendor/laravel/framework/src/Illuminate/Support/Facades/Facade.php(355): Illuminate/Database/Schema/Builder->table()
#8 C:/OSPanel/domains/ruppert_practice/database/migrations/add_status_to_users_table.php(11): Illuminate/Support/Facades/Facade::__callStatic()
#9 C:/OSPanel/domains/ruppert_practice/vendor/laravel/framework/src/Illuminate/Database/Migrations/Migrator.php(501): Illuminate/Database/Migrations/Migration@anonymous->up()
#10 C:/OSPanel/domains/ruppert_practice/vendor/laravel/framework/src/Illuminate/Database/Migrations/Migrator.php(418): Illuminate/Database/Migrations/Migrator->runMethod()
#11 C:/OSPanel/domains/ruppert_practice/vendor/laravel/framework/src/Illuminate/Database/Migrations/Migrator.php(427): Illuminate/Database/Migrations/Migrator->Illuminate/Database/Migrations/{closure}()
#12 C:/OSPanel/domains/ruppert_practice/vendor/laravel/framework/src/Illuminate/Database/Migrations/Migrator.php(224): Illuminate/Database/Migrations/Migrator->runMigration()
#13 C:/OSPanel/domains/ruppert_practice/vendor/laravel/framework/src/Illuminate/Console/View/Components/Task.php(37): Illuminate/Database/Migrations/Migrator->Illuminate/Database/Migrations/{closure}()
#14 C:/OSPanel/domains/ruppert_practice/vendor/laravel/framework/src/Illuminate/Database/Migrations/Migrator.php(783): Illuminate/Console/View/Components/Task->render()
#15 C:/OSPanel/domains/ruppert_practice/vendor/laravel/framework/src/Illuminate/Database/Migrations/Migrator.php(224): Illuminate/Database/Migrations/Migrator->write()
#16 C:/OSPanel/domains/ruppert_practice/vendor/laravel/framework/src/Illuminate/Database/Migrations/Migrator.php(189): Illuminate/Database/Migrations/Migrator->runUp()
#17 C:/OSPanel/domains/ruppert_practice/vendor/laravel/framework/src/Illuminate/Database/Migrations/Migrator.php(132): Illuminate/Database/Migrations/Migrator->runPending()
#18 C:/OSPanel/domains/ruppert_practice/vendor/laravel/framework/src/Illuminate/Database/Console/Migrations/MigrateCommand.php(92): Illuminate/Database/Migrations/Migrator->run()
#19 C:/OSPanel/domains/ruppert_practice/vendor/laravel/framework/src/Illuminate/Database/Migrations/Migrator.php(641): Illuminate/Database/Console/Migrations/MigrateCommand->Illuminate/Database/Console/Migrations/{closure}()
#20 C:/OSPanel/domains/ruppert_practice/vendor/laravel/framework/src/Illuminate/Database/Console/Migrations/MigrateCommand.php(104): Illuminate/Database/Migrations/Migrator->usingConnection()
#21 C:/OSPanel/domains/ruppert_practice/vendor/laravel/framework/src/Illuminate/Container/BoundMethod.php(36): Illuminate/Database/Console/Migrations/MigrateCommand->handle()
#22 C:/OSPanel/domains/ruppert_practice/vendor/laravel/framework/src/Illuminate/Container/Util.php(41): Illuminate/Container/BoundMethod::Illuminate/Container/{closure}()
#23 C:/OSPanel/domains/ruppert_practice/vendor/laravel/framework/src/Illuminate/Container/BoundMethod.php(93): Illuminate/Container/Util::unwrapIfClosure()
#24 C:/OSPanel/domains/ruppert_practice/vendor/laravel/framework/src/Illuminate/Container/BoundMethod.php(37): Illuminate/Container/BoundMethod::callBoundMethod()
#25 C:/OSPanel/domains/ruppert_practice/vendor/laravel/framework/src/Illuminate/Container/Container.php(662): Illuminate/Container/BoundMethod::call()
#26 C:/OSPanel/domains/ruppert_practice/vendor/laravel/framework/src/Illuminate/Console/Command.php(211): Illuminate/Container/Container->call()
#27 C:/OSPanel/domains/ruppert_practice/vendor/symfony/console/Command/Command.php(326): Illuminate/Console/Command->execute()
#28 C:/OSPanel/domains/ruppert_practice/vendor/laravel/framework/src/Illuminate/Console/Command.php(181): Symfony/Component/Console/Command/Command->run()
#29 C:/OSPanel/domains/ruppert_practice/vendor/laravel/framework/src/Illuminate/Console/Concerns/CallsCommands.php(68): Illuminate/Console/Command->run()
#30 C:/OSPanel/domains/ruppert_practice/vendor/laravel/framework/src/Illuminate/Console/Concerns/CallsCommands.php(28): Illuminate/Console/Command->runCommand()
#31 C:/OSPanel/domains/ruppert_practice/vendor/laravel/framework/src/Illuminate/Database/Console/Migrations/FreshCommand.php(59): Illuminate/Console/Command->call()
#32 C:/OSPanel/domains/ruppert_practice/vendor/laravel/framework/src/Illuminate/Container/BoundMethod.php(36): Illuminate/Database/Console/Migrations/FreshCommand->handle()
#33 C:/OSPanel/domains/ruppert_practice/vendor/laravel/framework/src/Illuminate/Container/Util.php(41): Illuminate/Container/BoundMethod::Illuminate/Container/{closure}()
#34 C:/OSPanel/domains/ruppert_practice/vendor/laravel/framework/src/Illuminate/Container/BoundMethod.php(93): Illuminate/Container/Util::unwrapIfClosure()
#35 C:/OSPanel/domains/ruppert_practice/vendor/laravel/framework/src/Illuminate/Container/BoundMethod.php(37): Illuminate/Container/BoundMethod::callBoundMethod()
#36 C:/OSPanel/domains/ruppert_practice/vendor/laravel/framework/src/Illuminate/Container/Container.php(662): Illuminate/Container/BoundMethod::call()
#37 C:/OSPanel/domains/ruppert_practice/vendor/laravel/framework/src/Illuminate/Console/Command.php(211): Illuminate/Container/Container->call()
#38 C:/OSPanel/domains/ruppert_practice/vendor/symfony/console/Command/Command.php(326): Illuminate/Console/Command->execute()
#39 C:/OSPanel/domains/ruppert_practice/vendor/laravel/framework/src/Illuminate/Console/Command.php(181): Symfony/Component/Console/Command/Command->run()
#40 C:/OSPanel/domains/ruppert_practice/vendor/symfony/console/Application.php(1121): Illuminate/Console/Command->run()
#41 C:/OSPanel/domains/ruppert_practice/vendor/symfony/console/Application.php(324): Symfony/Component/Console/Application->doRunCommand()
#42 C:/OSPanel/domains/ruppert_practice/vendor/symfony/console/Application.php(175): Symfony/Component/Console/Application->doRun()
#43 C:/OSPanel/domains/ruppert_practice/vendor/laravel/framework/src/Illuminate/Foundation/Console/Kernel.php(201): Symfony/Component/Console/Application->run()
#44 C:/OSPanel/domains/ruppert_practice/artisan(37): Illuminate/Foundation/Console/Kernel->handle()
#45 {main}
"} 
[2026-05-22 07:37:48] local.ERROR: Class "Table" not found {"exception":"[object] (Error(code: 0): Class \"Table\" not found at C:/OSPanel/domains/ruppert_practice/vendor/laravel/framework/src/Illuminate/Database/Migrations/Migrator.php:542)
[stacktrace]
#0 C:/OSPanel/domains/ruppert_practice/vendor/laravel/framework/src/Illuminate/Database/Migrations/Migrator.php(216): Illuminate/Database/Migrations/Migrator->resolvePath()
#1 C:/OSPanel/domains/ruppert_practice/vendor/laravel/framework/src/Illuminate/Database/Migrations/Migrator.php(189): Illuminate/Database/Migrations/Migrator->runUp()
#2 C:/OSPanel/domains/ruppert_practice/vendor/laravel/framework/src/Illuminate/Database/Migrations/Migrator.php(132): Illuminate/Database/Migrations/Migrator->runPending()
#3 C:/OSPanel/domains/ruppert_practice/vendor/laravel/framework/src/Illuminate/Database/Console/Migrations/MigrateCommand.php(92): Illuminate/Database/Migrations/Migrator->run()
#4 C:/OSPanel/domains/ruppert_practice/vendor/laravel/framework/src/Illuminate/Database/Migrations/Migrator.php(641): Illuminate/Database/Console/Migrations/MigrateCommand->Illuminate/Database/Console/Migrations/{closure}()
#5 C:/OSPanel/domains/ruppert_practice/vendor/laravel/framework/src/Illuminate/Database/Console/Migrations/MigrateCommand.php(104): Illuminate/Database/Migrations/Migrator->usingConnection()
#6 C:/OSPanel/domains/ruppert_practice/vendor/laravel/framework/src/Illuminate/Container/BoundMethod.php(36): Illuminate/Database/Console/Migrations/MigrateCommand->handle()
#7 C:/OSPanel/domains/ruppert_practice/vendor/laravel/framework/src/Illuminate/Container/Util.php(41): Illuminate/Container/BoundMethod::Illuminate/Container/{closure}()
#8 C:/OSPanel/domains/ruppert_practice/vendor/laravel/framework/src/Illuminate/Container/BoundMethod.php(93): Illuminate/Container/Util::unwrapIfClosure()
#9 C:/OSPanel/domains/ruppert_practice/vendor/laravel/framework/src/Illuminate/Container/BoundMethod.php(37): Illuminate/Container/BoundMethod::callBoundMethod()
#10 C:/OSPanel/domains/ruppert_practice/vendor/laravel/framework/src/Illuminate/Container/Container.php(662): Illuminate/Container/BoundMethod::call()
#11 C:/OSPanel/domains/ruppert_practice/vendor/laravel/framework/src/Illuminate/Console/Command.php(211): Illuminate/Container/Container->call()
#12 C:/OSPanel/domains/ruppert_practice/vendor/symfony/console/Command/Command.php(326): Illuminate/Console/Command->execute()
#13 C:/OSPanel/domains/ruppert_practice/vendor/laravel/framework/src/Illuminate/Console/Command.php(181): Symfony/Component/Console/Command/Command->run()
#14 C:/OSPanel/domains/ruppert_practice/vendor/laravel/framework/src/Illuminate/Console/Concerns/CallsCommands.php(68): Illuminate/Console/Command->run()
#15 C:/OSPanel/domains/ruppert_practice/vendor/laravel/framework/src/Illuminate/Console/Concerns/CallsCommands.php(28): Illuminate/Console/Command->runCommand()
#16 C:/OSPanel/domains/ruppert_practice/vendor/laravel/framework/src/Illuminate/Database/Console/Migrations/FreshCommand.php(59): Illuminate/Console/Command->call()
#17 C:/OSPanel/domains/ruppert_practice/vendor/laravel/framework/src/Illuminate/Container/BoundMethod.php(36): Illuminate/Database/Console/Migrations/FreshCommand->handle()
#18 C:/OSPanel/domains/ruppert_practice/vendor/laravel/framework/src/Illuminate/Container/Util.php(41): Illuminate/Container/BoundMethod::Illuminate/Container/{closure}()
#19 C:/OSPanel/domains/ruppert_practice/vendor/laravel/framework/src/Illuminate/Container/BoundMethod.php(93): Illuminate/Container/Util::unwrapIfClosure()
#20 C:/OSPanel/domains/ruppert_practice/vendor/laravel/framework/src/Illuminate/Container/BoundMethod.php(37): Illuminate/Container/BoundMethod::callBoundMethod()
#21 C:/OSPanel/domains/ruppert_practice/vendor/laravel/framework/src/Illuminate/Container/Container.php(662): Illuminate/Container/BoundMethod::call()
#22 C:/OSPanel/domains/ruppert_practice/vendor/laravel/framework/src/Illuminate/Console/Command.php(211): Illuminate/Container/Container->call()
#23 C:/OSPanel/domains/ruppert_practice/vendor/symfony/console/Command/Command.php(326): Illuminate/Console/Command->execute()
#24 C:/OSPanel/domains/ruppert_practice/vendor/laravel/framework/src/Illuminate/Console/Command.php(181): Symfony/Component/Console/Command/Command->run()
#25 C:/OSPanel/domains/ruppert_practice/vendor/symfony/console/Application.php(1121): Illuminate/Console/Command->run()
#26 C:/OSPanel/domains/ruppert_practice/vendor/symfony/console/Application.php(324): Symfony/Component/Console/Application->doRunCommand()
#27 C:/OSPanel/domains/ruppert_practice/vendor/symfony/console/Application.php(175): Symfony/Component/Console/Application->doRun()
#28 C:/OSPanel/domains/ruppert_practice/vendor/laravel/framework/src/Illuminate/Foundation/Console/Kernel.php(201): Symfony/Component/Console/Application->run()
#29 C:/OSPanel/domains/ruppert_practice/artisan(37): Illuminate/Foundation/Console/Kernel->handle()
#30 {main}
"} 
[2026-05-22 07:37:52] local.ERROR: Class "Table" not found {"exception":"[object] (Error(code: 0): Class \"Table\" not found at C:/OSPanel/domains/ruppert_practice/vendor/laravel/framework/src/Illuminate/Database/Migrations/Migrator.php:542)
[stacktrace]
#0 C:/OSPanel/domains/ruppert_practice/vendor/laravel/framework/src/Illuminate/Database/Migrations/Migrator.php(216): Illuminate/Database/Migrations/Migrator->resolvePath()
#1 C:/OSPanel/domains/ruppert_practice/vendor/laravel/framework/src/Illuminate/Database/Migrations/Migrator.php(189): Illuminate/Database/Migrations/Migrator->runUp()
#2 C:/OSPanel/domains/ruppert_practice/vendor/laravel/framework/src/Illuminate/Database/Migrations/Migrator.php(132): Illuminate/Database/Migrations/Migrator->runPending()
#3 C:/OSPanel/domains/ruppert_practice/vendor/laravel/framework/src/Illuminate/Database/Console/Migrations/MigrateCommand.php(92): Illuminate/Database/Migrations/Migrator->run()
#4 C:/OSPanel/domains/ruppert_practice/vendor/laravel/framework/src/Illuminate/Database/Migrations/Migrator.php(641): Illuminate/Database/Console/Migrations/MigrateCommand->Illuminate/Database/Console/Migrations/{closure}()
#5 C:/OSPanel/domains/ruppert_practice/vendor/laravel/framework/src/Illuminate/Database/Console/Migrations/MigrateCommand.php(104): Illuminate/Database/Migrations/Migrator->usingConnection()
#6 C:/OSPanel/domains/ruppert_practice/vendor/laravel/framework/src/Illuminate/Container/BoundMethod.php(36): Illuminate/Database/Console/Migrations/MigrateCommand->handle()
#7 C:/OSPanel/domains/ruppert_practice/vendor/laravel/framework/src/Illuminate/Container/Util.php(41): Illuminate/Container/BoundMethod::Illuminate/Container/{closure}()
#8 C:/OSPanel/domains/ruppert_practice/vendor/laravel/framework/src/Illuminate/Container/BoundMethod.php(93): Illuminate/Container/Util::unwrapIfClosure()
#9 C:/OSPanel/domains/ruppert_practice/vendor/laravel/framework/src/Illuminate/Container/BoundMethod.php(37): Illuminate/Container/BoundMethod::callBoundMethod()
#10 C:/OSPanel/domains/ruppert_practice/vendor/laravel/framework/src/Illuminate/Container/Container.php(662): Illuminate/Container/BoundMethod::call()
#11 C:/OSPanel/domains/ruppert_practice/vendor/laravel/framework/src/Illuminate/Console/Command.php(211): Illuminate/Container/Container->call()
#12 C:/OSPanel/domains/ruppert_practice/vendor/symfony/console/Command/Command.php(326): Illuminate/Console/Command->execute()
#13 C:/OSPanel/domains/ruppert_practice/vendor/laravel/framework/src/Illuminate/Console/Command.php(181): Symfony/Component/Console/Command/Command->run()
#14 C:/OSPanel/domains/ruppert_practice/vendor/laravel/framework/src/Illuminate/Console/Concerns/CallsCommands.php(68): Illuminate/Console/Command->run()
#15 C:/OSPanel/domains/ruppert_practice/vendor/laravel/framework/src/Illuminate/Console/Concerns/CallsCommands.php(28): Illuminate/Console/Command->runCommand()
#16 C:/OSPanel/domains/ruppert_practice/vendor/laravel/framework/src/Illuminate/Database/Console/Migrations/FreshCommand.php(59): Illuminate/Console/Command->call()
#17 C:/OSPanel/domains/ruppert_practice/vendor/laravel/framework/src/Illuminate/Container/BoundMethod.php(36): Illuminate/Database/Console/Migrations/FreshCommand->handle()
#18 C:/OSPanel/domains/ruppert_practice/vendor/laravel/framework/src/Illuminate/Container/Util.php(41): Illuminate/Container/BoundMethod::Illuminate/Container/{closure}()
#19 C:/OSPanel/domains/ruppert_practice/vendor/laravel/framework/src/Illuminate/Container/BoundMethod.php(93): Illuminate/Container/Util::unwrapIfClosure()
#20 C:/OSPanel/domains/ruppert_practice/vendor/laravel/framework/src/Illuminate/Container/BoundMethod.php(37): Illuminate/Container/BoundMethod::callBoundMethod()
#21 C:/OSPanel/domains/ruppert_practice/vendor/laravel/framework/src/Illuminate/Container/Container.php(662): Illuminate/Container/BoundMethod::call()
#22 C:/OSPanel/domains/ruppert_practice/vendor/laravel/framework/src/Illuminate/Console/Command.php(211): Illuminate/Container/Container->call()
#23 C:/OSPanel/domains/ruppert_practice/vendor/symfony/console/Command/Command.php(326): Illuminate/Console/Command->execute()
#24 C:/OSPanel/domains/ruppert_practice/vendor/laravel/framework/src/Illuminate/Console/Command.php(181): Symfony/Component/Console/Command/Command->run()
#25 C:/OSPanel/domains/ruppert_practice/vendor/symfony/console/Application.php(1121): Illuminate/Console/Command->run()
#26 C:/OSPanel/domains/ruppert_practice/vendor/symfony/console/Application.php(324): Symfony/Component/Console/Application->doRunCommand()
#27 C:/OSPanel/domains/ruppert_practice/vendor/symfony/console/Application.php(175): Symfony/Component/Console/Application->doRun()
#28 C:/OSPanel/domains/ruppert_practice/vendor/laravel/framework/src/Illuminate/Foundation/Console/Kernel.php(201): Symfony/Component/Console/Application->run()
#29 C:/OSPanel/domains/ruppert_practice/artisan(37): Illuminate/Foundation/Console/Kernel->handle()
#30 {main}
"} 
[2026-05-22 07:39:33] local.ERROR: Class "Table" not found {"exception":"[object] (Error(code: 0): Class \"Table\" not found at C:/OSPanel/domains/ruppert_practice/vendor/laravel/framework/src/Illuminate/Database/Migrations/Migrator.php:542)
[stacktrace]
#0 C:/OSPanel/domains/ruppert_practice/vendor/laravel/framework/src/Illuminate/Database/Migrations/Migrator.php(216): Illuminate/Database/Migrations/Migrator->resolvePath()
#1 C:/OSPanel/domains/ruppert_practice/vendor/laravel/framework/src/Illuminate/Database/Migrations/Migrator.php(189): Illuminate/Database/Migrations/Migrator->runUp()
#2 C:/OSPanel/domains/ruppert_practice/vendor/laravel/framework/src/Illuminate/Database/Migrations/Migrator.php(132): Illuminate/Database/Migrations/Migrator->runPending()
#3 C:/OSPanel/domains/ruppert_practice/vendor/laravel/framework/src/Illuminate/Database/Console/Migrations/MigrateCommand.php(92): Illuminate/Database/Migrations/Migrator->run()
#4 C:/OSPanel/domains/ruppert_practice/vendor/laravel/framework/src/Illuminate/Database/Migrations/Migrator.php(641): Illuminate/Database/Console/Migrations/MigrateCommand->Illuminate/Database/Console/Migrations/{closure}()
#5 C:/OSPanel/domains/ruppert_practice/vendor/laravel/framework/src/Illuminate/Database/Console/Migrations/MigrateCommand.php(104): Illuminate/Database/Migrations/Migrator->usingConnection()
#6 C:/OSPanel/domains/ruppert_practice/vendor/laravel/framework/src/Illuminate/Container/BoundMethod.php(36): Illuminate/Database/Console/Migrations/MigrateCommand->handle()
#7 C:/OSPanel/domains/ruppert_practice/vendor/laravel/framework/src/Illuminate/Container/Util.php(41): Illuminate/Container/BoundMethod::Illuminate/Container/{closure}()
#8 C:/OSPanel/domains/ruppert_practice/vendor/laravel/framework/src/Illuminate/Container/BoundMethod.php(93): Illuminate/Container/Util::unwrapIfClosure()
#9 C:/OSPanel/domains/ruppert_practice/vendor/laravel/framework/src/Illuminate/Container/BoundMethod.php(37): Illuminate/Container/BoundMethod::callBoundMethod()
#10 C:/OSPanel/domains/ruppert_practice/vendor/laravel/framework/src/Illuminate/Container/Container.php(662): Illuminate/Container/BoundMethod::call()
#11 C:/OSPanel/domains/ruppert_practice/vendor/laravel/framework/src/Illuminate/Console/Command.php(211): Illuminate/Container/Container->call()
#12 C:/OSPanel/domains/ruppert_practice/vendor/symfony/console/Command/Command.php(326): Illuminate/Console/Command->execute()
#13 C:/OSPanel/domains/ruppert_practice/vendor/laravel/framework/src/Illuminate/Console/Command.php(181): Symfony/Component/Console/Command/Command->run()
#14 C:/OSPanel/domains/ruppert_practice/vendor/symfony/console/Application.php(1121): Illuminate/Console/Command->run()
#15 C:/OSPanel/domains/ruppert_practice/vendor/symfony/console/Application.php(324): Symfony/Component/Console/Application->doRunCommand()
#16 C:/OSPanel/domains/ruppert_practice/vendor/symfony/console/Application.php(175): Symfony/Component/Console/Application->doRun()
#17 C:/OSPanel/domains/ruppert_practice/vendor/laravel/framework/src/Illuminate/Foundation/Console/Kernel.php(201): Symfony/Component/Console/Application->run()
#18 C:/OSPanel/domains/ruppert_practice/artisan(37): Illuminate/Foundation/Console/Kernel->handle()
#19 {main}
"} 
[2026-05-22 07:39:46] local.ERROR: SQLSTATE[42S02]: Base table or view not found: 1146 Table 'ruppert_1.users' doesn't exist (Connection: mysql, SQL: alter table `users` add `status` enum('guest', 'dispatcher', 'admin') not null default 'guest' after `email`) {"exception":"[object] (Illuminate\\Database\\QueryException(code: 42S02): SQLSTATE[42S02]: Base table or view not found: 1146 Table 'ruppert_1.users' doesn't exist (Connection: mysql, SQL: alter table `users` add `status` enum('guest', 'dispatcher', 'admin') not null default 'guest' after `email`) at C:/OSPanel/domains/ruppert_practice/vendor/laravel/framework/src/Illuminate/Database/Connection.php:829)
[stacktrace]
#0 C:/OSPanel/domains/ruppert_practice/vendor/laravel/framework/src/Illuminate/Database/Connection.php(783): Illuminate/Database/Connection->runQueryCallback()
#1 C:/OSPanel/domains/ruppert_practice/vendor/laravel/framework/src/Illuminate/Database/Connection.php(588): Illuminate/Database/Connection->run()
#2 C:/OSPanel/domains/ruppert_practice/vendor/laravel/framework/src/Illuminate/Database/Schema/Blueprint.php(110): Illuminate/Database/Connection->statement()
#3 C:/OSPanel/domains/ruppert_practice/vendor/laravel/framework/src/Illuminate/Database/Schema/Builder.php(602): Illuminate/Database/Schema/Blueprint->build()
#4 C:/OSPanel/domains/ruppert_practice/vendor/laravel/framework/src/Illuminate/Database/Schema/Builder.php(444): Illuminate/Database/Schema/Builder->build()
#5 C:/OSPanel/domains/ruppert_practice/vendor/laravel/framework/src/Illuminate/Support/Facades/Facade.php(355): Illuminate/Database/Schema/Builder->table()
#6 C:/OSPanel/domains/ruppert_practice/database/migrations/add_status_to_users_table.php(11): Illuminate/Support/Facades/Facade::__callStatic()
#7 C:/OSPanel/domains/ruppert_practice/vendor/laravel/framework/src/Illuminate/Database/Migrations/Migrator.php(501): Illuminate/Database/Migrations/Migration@anonymous->up()
#8 C:/OSPanel/domains/ruppert_practice/vendor/laravel/framework/src/Illuminate/Database/Migrations/Migrator.php(418): Illuminate/Database/Migrations/Migrator->runMethod()
#9 C:/OSPanel/domains/ruppert_practice/vendor/laravel/framework/src/Illuminate/Database/Migrations/Migrator.php(427): Illuminate/Database/Migrations/Migrator->Illuminate/Database/Migrations/{closure}()
#10 C:/OSPanel/domains/ruppert_practice/vendor/laravel/framework/src/Illuminate/Database/Migrations/Migrator.php(224): Illuminate/Database/Migrations/Migrator->runMigration()
#11 C:/OSPanel/domains/ruppert_practice/vendor/laravel/framework/src/Illuminate/Console/View/Components/Task.php(37): Illuminate/Database/Migrations/Migrator->Illuminate/Database/Migrations/{closure}()
#12 C:/OSPanel/domains/ruppert_practice/vendor/laravel/framework/src/Illuminate/Database/Migrations/Migrator.php(783): Illuminate/Console/View/Components/Task->render()
#13 C:/OSPanel/domains/ruppert_practice/vendor/laravel/framework/src/Illuminate/Database/Migrations/Migrator.php(224): Illuminate/Database/Migrations/Migrator->write()
#14 C:/OSPanel/domains/ruppert_practice/vendor/laravel/framework/src/Illuminate/Database/Migrations/Migrator.php(189): Illuminate/Database/Migrations/Migrator->runUp()
#15 C:/OSPanel/domains/ruppert_practice/vendor/laravel/framework/src/Illuminate/Database/Migrations/Migrator.php(132): Illuminate/Database/Migrations/Migrator->runPending()
#16 C:/OSPanel/domains/ruppert_practice/vendor/laravel/framework/src/Illuminate/Database/Console/Migrations/MigrateCommand.php(92): Illuminate/Database/Migrations/Migrator->run()
#17 C:/OSPanel/domains/ruppert_practice/vendor/laravel/framework/src/Illuminate/Database/Migrations/Migrator.php(641): Illuminate/Database/Console/Migrations/MigrateCommand->Illuminate/Database/Console/Migrations/{closure}()
#18 C:/OSPanel/domains/ruppert_practice/vendor/laravel/framework/src/Illuminate/Database/Console/Migrations/MigrateCommand.php(104): Illuminate/Database/Migrations/Migrator->usingConnection()
#19 C:/OSPanel/domains/ruppert_practice/vendor/laravel/framework/src/Illuminate/Container/BoundMethod.php(36): Illuminate/Database/Console/Migrations/MigrateCommand->handle()
#20 C:/OSPanel/domains/ruppert_practice/vendor/laravel/framework/src/Illuminate/Container/Util.php(41): Illuminate/Container/BoundMethod::Illuminate/Container/{closure}()
#21 C:/OSPanel/domains/ruppert_practice/vendor/laravel/framework/src/Illuminate/Container/BoundMethod.php(93): Illuminate/Container/Util::unwrapIfClosure()
#22 C:/OSPanel/domains/ruppert_practice/vendor/laravel/framework/src/Illuminate/Container/BoundMethod.php(37): Illuminate/Container/BoundMethod::callBoundMethod()
#23 C:/OSPanel/domains/ruppert_practice/vendor/laravel/framework/src/Illuminate/Container/Container.php(662): Illuminate/Container/BoundMethod::call()
#24 C:/OSPanel/domains/ruppert_practice/vendor/laravel/framework/src/Illuminate/Console/Command.php(211): Illuminate/Container/Container->call()
#25 C:/OSPanel/domains/ruppert_practice/vendor/symfony/console/Command/Command.php(326): Illuminate/Console/Command->execute()
#26 C:/OSPanel/domains/ruppert_practice/vendor/laravel/framework/src/Illuminate/Console/Command.php(181): Symfony/Component/Console/Command/Command->run()
#27 C:/OSPanel/domains/ruppert_practice/vendor/symfony/console/Application.php(1121): Illuminate/Console/Command->run()
#28 C:/OSPanel/domains/ruppert_practice/vendor/symfony/console/Application.php(324): Symfony/Component/Console/Application->doRunCommand()
#29 C:/OSPanel/domains/ruppert_practice/vendor/symfony/console/Application.php(175): Symfony/Component/Console/Application->doRun()
#30 C:/OSPanel/domains/ruppert_practice/vendor/laravel/framework/src/Illuminate/Foundation/Console/Kernel.php(201): Symfony/Component/Console/Application->run()
#31 C:/OSPanel/domains/ruppert_practice/artisan(37): Illuminate/Foundation/Console/Kernel->handle()
#32 {main}

[previous exception] [object] (PDOException(code: 42S02): SQLSTATE[42S02]: Base table or view not found: 1146 Table 'ruppert_1.users' doesn't exist at C:/OSPanel/domains/ruppert_practice/vendor/laravel/framework/src/Illuminate/Database/Connection.php:587)
[stacktrace]
#0 C:/OSPanel/domains/ruppert_practice/vendor/laravel/framework/src/Illuminate/Database/Connection.php(587): PDOStatement->execute()
#1 C:/OSPanel/domains/ruppert_practice/vendor/laravel/framework/src/Illuminate/Database/Connection.php(816): Illuminate/Database/Connection->Illuminate/Database/{closure}()
#2 C:/OSPanel/domains/ruppert_practice/vendor/laravel/framework/src/Illuminate/Database/Connection.php(783): Illuminate/Database/Connection->runQueryCallback()
#3 C:/OSPanel/domains/ruppert_practice/vendor/laravel/framework/src/Illuminate/Database/Connection.php(588): Illuminate/Database/Connection->run()
#4 C:/OSPanel/domains/ruppert_practice/vendor/laravel/framework/src/Illuminate/Database/Schema/Blueprint.php(110): Illuminate/Database/Connection->statement()
#5 C:/OSPanel/domains/ruppert_practice/vendor/laravel/framework/src/Illuminate/Database/Schema/Builder.php(602): Illuminate/Database/Schema/Blueprint->build()
#6 C:/OSPanel/domains/ruppert_practice/vendor/laravel/framework/src/Illuminate/Database/Schema/Builder.php(444): Illuminate/Database/Schema/Builder->build()
#7 C:/OSPanel/domains/ruppert_practice/vendor/laravel/framework/src/Illuminate/Support/Facades/Facade.php(355): Illuminate/Database/Schema/Builder->table()
#8 C:/OSPanel/domains/ruppert_practice/database/migrations/add_status_to_users_table.php(11): Illuminate/Support/Facades/Facade::__callStatic()
#9 C:/OSPanel/domains/ruppert_practice/vendor/laravel/framework/src/Illuminate/Database/Migrations/Migrator.php(501): Illuminate/Database/Migrations/Migration@anonymous->up()
#10 C:/OSPanel/domains/ruppert_practice/vendor/laravel/framework/src/Illuminate/Database/Migrations/Migrator.php(418): Illuminate/Database/Migrations/Migrator->runMethod()
#11 C:/OSPanel/domains/ruppert_practice/vendor/laravel/framework/src/Illuminate/Database/Migrations/Migrator.php(427): Illuminate/Database/Migrations/Migrator->Illuminate/Database/Migrations/{closure}()
#12 C:/OSPanel/domains/ruppert_practice/vendor/laravel/framework/src/Illuminate/Database/Migrations/Migrator.php(224): Illuminate/Database/Migrations/Migrator->runMigration()
#13 C:/OSPanel/domains/ruppert_practice/vendor/laravel/framework/src/Illuminate/Console/View/Components/Task.php(37): Illuminate/Database/Migrations/Migrator->Illuminate/Database/Migrations/{closure}()
#14 C:/OSPanel/domains/ruppert_practice/vendor/laravel/framework/src/Illuminate/Database/Migrations/Migrator.php(783): Illuminate/Console/View/Components/Task->render()
#15 C:/OSPanel/domains/ruppert_practice/vendor/laravel/framework/src/Illuminate/Database/Migrations/Migrator.php(224): Illuminate/Database/Migrations/Migrator->write()
#16 C:/OSPanel/domains/ruppert_practice/vendor/laravel/framework/src/Illuminate/Database/Migrations/Migrator.php(189): Illuminate/Database/Migrations/Migrator->runUp()
#17 C:/OSPanel/domains/ruppert_practice/vendor/laravel/framework/src/Illuminate/Database/Migrations/Migrator.php(132): Illuminate/Database/Migrations/Migrator->runPending()
#18 C:/OSPanel/domains/ruppert_practice/vendor/laravel/framework/src/Illuminate/Database/Console/Migrations/MigrateCommand.php(92): Illuminate/Database/Migrations/Migrator->run()
#19 C:/OSPanel/domains/ruppert_practice/vendor/laravel/framework/src/Illuminate/Database/Migrations/Migrator.php(641): Illuminate/Database/Console/Migrations/MigrateCommand->Illuminate/Database/Console/Migrations/{closure}()
#20 C:/OSPanel/domains/ruppert_practice/vendor/laravel/framework/src/Illuminate/Database/Console/Migrations/MigrateCommand.php(104): Illuminate/Database/Migrations/Migrator->usingConnection()
#21 C:/OSPanel/domains/ruppert_practice/vendor/laravel/framework/src/Illuminate/Container/BoundMethod.php(36): Illuminate/Database/Console/Migrations/MigrateCommand->handle()
#22 C:/OSPanel/domains/ruppert_practice/vendor/laravel/framework/src/Illuminate/Container/Util.php(41): Illuminate/Container/BoundMethod::Illuminate/Container/{closure}()
#23 C:/OSPanel/domains/ruppert_practice/vendor/laravel/framework/src/Illuminate/Container/BoundMethod.php(93): Illuminate/Container/Util::unwrapIfClosure()
#24 C:/OSPanel/domains/ruppert_practice/vendor/laravel/framework/src/Illuminate/Container/BoundMethod.php(37): Illuminate/Container/BoundMethod::callBoundMethod()
#25 C:/OSPanel/domains/ruppert_practice/vendor/laravel/framework/src/Illuminate/Container/Container.php(662): Illuminate/Container/BoundMethod::call()
#26 C:/OSPanel/domains/ruppert_practice/vendor/laravel/framework/src/Illuminate/Console/Command.php(211): Illuminate/Container/Container->call()
#27 C:/OSPanel/domains/ruppert_practice/vendor/symfony/console/Command/Command.php(326): Illuminate/Console/Command->execute()
#28 C:/OSPanel/domains/ruppert_practice/vendor/laravel/framework/src/Illuminate/Console/Command.php(181): Symfony/Component/Console/Command/Command->run()
#29 C:/OSPanel/domains/ruppert_practice/vendor/symfony/console/Application.php(1121): Illuminate/Console/Command->run()
#30 C:/OSPanel/domains/ruppert_practice/vendor/symfony/console/Application.php(324): Symfony/Component/Console/Application->doRunCommand()
#31 C:/OSPanel/domains/ruppert_practice/vendor/symfony/console/Application.php(175): Symfony/Component/Console/Application->doRun()
#32 C:/OSPanel/domains/ruppert_practice/vendor/laravel/framework/src/Illuminate/Foundation/Console/Kernel.php(201): Symfony/Component/Console/Application->run()
#33 C:/OSPanel/domains/ruppert_practice/artisan(37): Illuminate/Foundation/Console/Kernel->handle()
#34 {main}
"} 
[2026-05-22 07:40:16] local.ERROR: SQLSTATE[42S02]: Base table or view not found: 1146 Table 'ruppert_1.users' doesn't exist (Connection: mysql, SQL: alter table `users` add `status` enum('guest', 'dispatcher', 'admin') not null default 'guest' after `email`) {"exception":"[object] (Illuminate\\Database\\QueryException(code: 42S02): SQLSTATE[42S02]: Base table or view not found: 1146 Table 'ruppert_1.users' doesn't exist (Connection: mysql, SQL: alter table `users` add `status` enum('guest', 'dispatcher', 'admin') not null default 'guest' after `email`) at C:/OSPanel/domains/ruppert_practice/vendor/laravel/framework/src/Illuminate/Database/Connection.php:829)
[stacktrace]
#0 C:/OSPanel/domains/ruppert_practice/vendor/laravel/framework/src/Illuminate/Database/Connection.php(783): Illuminate/Database/Connection->runQueryCallback()
#1 C:/OSPanel/domains/ruppert_practice/vendor/laravel/framework/src/Illuminate/Database/Connection.php(588): Illuminate/Database/Connection->run()
#2 C:/OSPanel/domains/ruppert_practice/vendor/laravel/framework/src/Illuminate/Database/Schema/Blueprint.php(110): Illuminate/Database/Connection->statement()
#3 C:/OSPanel/domains/ruppert_practice/vendor/laravel/framework/src/Illuminate/Database/Schema/Builder.php(602): Illuminate/Database/Schema/Blueprint->build()
#4 C:/OSPanel/domains/ruppert_practice/vendor/laravel/framework/src/Illuminate/Database/Schema/Builder.php(444): Illuminate/Database/Schema/Builder->build()
#5 C:/OSPanel/domains/ruppert_practice/vendor/laravel/framework/src/Illuminate/Support/Facades/Facade.php(355): Illuminate/Database/Schema/Builder->table()
#6 C:/OSPanel/domains/ruppert_practice/database/migrations/add_status_to_users_table.php(11): Illuminate/Support/Facades/Facade::__callStatic()
#7 C:/OSPanel/domains/ruppert_practice/vendor/laravel/framework/src/Illuminate/Database/Migrations/Migrator.php(501): Illuminate/Database/Migrations/Migration@anonymous->up()
#8 C:/OSPanel/domains/ruppert_practice/vendor/laravel/framework/src/Illuminate/Database/Migrations/Migrator.php(418): Illuminate/Database/Migrations/Migrator->runMethod()
#9 C:/OSPanel/domains/ruppert_practice/vendor/laravel/framework/src/Illuminate/Database/Migrations/Migrator.php(427): Illuminate/Database/Migrations/Migrator->Illuminate/Database/Migrations/{closure}()
#10 C:/OSPanel/domains/ruppert_practice/vendor/laravel/framework/src/Illuminate/Database/Migrations/Migrator.php(224): Illuminate/Database/Migrations/Migrator->runMigration()
#11 C:/OSPanel/domains/ruppert_practice/vendor/laravel/framework/src/Illuminate/Console/View/Components/Task.php(37): Illuminate/Database/Migrations/Migrator->Illuminate/Database/Migrations/{closure}()
#12 C:/OSPanel/domains/ruppert_practice/vendor/laravel/framework/src/Illuminate/Database/Migrations/Migrator.php(783): Illuminate/Console/View/Components/Task->render()
#13 C:/OSPanel/domains/ruppert_practice/vendor/laravel/framework/src/Illuminate/Database/Migrations/Migrator.php(224): Illuminate/Database/Migrations/Migrator->write()
#14 C:/OSPanel/domains/ruppert_practice/vendor/laravel/framework/src/Illuminate/Database/Migrations/Migrator.php(189): Illuminate/Database/Migrations/Migrator->runUp()
#15 C:/OSPanel/domains/ruppert_practice/vendor/laravel/framework/src/Illuminate/Database/Migrations/Migrator.php(132): Illuminate/Database/Migrations/Migrator->runPending()
#16 C:/OSPanel/domains/ruppert_practice/vendor/laravel/framework/src/Illuminate/Database/Console/Migrations/MigrateCommand.php(92): Illuminate/Database/Migrations/Migrator->run()
#17 C:/OSPanel/domains/ruppert_practice/vendor/laravel/framework/src/Illuminate/Database/Migrations/Migrator.php(641): Illuminate/Database/Console/Migrations/MigrateCommand->Illuminate/Database/Console/Migrations/{closure}()
#18 C:/OSPanel/domains/ruppert_practice/vendor/laravel/framework/src/Illuminate/Database/Console/Migrations/MigrateCommand.php(104): Illuminate/Database/Migrations/Migrator->usingConnection()
#19 C:/OSPanel/domains/ruppert_practice/vendor/laravel/framework/src/Illuminate/Container/BoundMethod.php(36): Illuminate/Database/Console/Migrations/MigrateCommand->handle()
#20 C:/OSPanel/domains/ruppert_practice/vendor/laravel/framework/src/Illuminate/Container/Util.php(41): Illuminate/Container/BoundMethod::Illuminate/Container/{closure}()
#21 C:/OSPanel/domains/ruppert_practice/vendor/laravel/framework/src/Illuminate/Container/BoundMethod.php(93): Illuminate/Container/Util::unwrapIfClosure()
#22 C:/OSPanel/domains/ruppert_practice/vendor/laravel/framework/src/Illuminate/Container/BoundMethod.php(37): Illuminate/Container/BoundMethod::callBoundMethod()
#23 C:/OSPanel/domains/ruppert_practice/vendor/laravel/framework/src/Illuminate/Container/Container.php(662): Illuminate/Container/BoundMethod::call()
#24 C:/OSPanel/domains/ruppert_practice/vendor/laravel/framework/src/Illuminate/Console/Command.php(211): Illuminate/Container/Container->call()
#25 C:/OSPanel/domains/ruppert_practice/vendor/symfony/console/Command/Command.php(326): Illuminate/Console/Command->execute()
#26 C:/OSPanel/domains/ruppert_practice/vendor/laravel/framework/src/Illuminate/Console/Command.php(181): Symfony/Component/Console/Command/Command->run()
#27 C:/OSPanel/domains/ruppert_practice/vendor/laravel/framework/src/Illuminate/Console/Concerns/CallsCommands.php(68): Illuminate/Console/Command->run()
#28 C:/OSPanel/domains/ruppert_practice/vendor/laravel/framework/src/Illuminate/Console/Concerns/CallsCommands.php(28): Illuminate/Console/Command->runCommand()
#29 C:/OSPanel/domains/ruppert_practice/vendor/laravel/framework/src/Illuminate/Database/Console/Migrations/FreshCommand.php(59): Illuminate/Console/Command->call()
#30 C:/OSPanel/domains/ruppert_practice/vendor/laravel/framework/src/Illuminate/Container/BoundMethod.php(36): Illuminate/Database/Console/Migrations/FreshCommand->handle()
#31 C:/OSPanel/domains/ruppert_practice/vendor/laravel/framework/src/Illuminate/Container/Util.php(41): Illuminate/Container/BoundMethod::Illuminate/Container/{closure}()
#32 C:/OSPanel/domains/ruppert_practice/vendor/laravel/framework/src/Illuminate/Container/BoundMethod.php(93): Illuminate/Container/Util::unwrapIfClosure()
#33 C:/OSPanel/domains/ruppert_practice/vendor/laravel/framework/src/Illuminate/Container/BoundMethod.php(37): Illuminate/Container/BoundMethod::callBoundMethod()
#34 C:/OSPanel/domains/ruppert_practice/vendor/laravel/framework/src/Illuminate/Container/Container.php(662): Illuminate/Container/BoundMethod::call()
#35 C:/OSPanel/domains/ruppert_practice/vendor/laravel/framework/src/Illuminate/Console/Command.php(211): Illuminate/Container/Container->call()
#36 C:/OSPanel/domains/ruppert_practice/vendor/symfony/console/Command/Command.php(326): Illuminate/Console/Command->execute()
#37 C:/OSPanel/domains/ruppert_practice/vendor/laravel/framework/src/Illuminate/Console/Command.php(181): Symfony/Component/Console/Command/Command->run()
#38 C:/OSPanel/domains/ruppert_practice/vendor/symfony/console/Application.php(1121): Illuminate/Console/Command->run()
#39 C:/OSPanel/domains/ruppert_practice/vendor/symfony/console/Application.php(324): Symfony/Component/Console/Application->doRunCommand()
#40 C:/OSPanel/domains/ruppert_practice/vendor/symfony/console/Application.php(175): Symfony/Component/Console/Application->doRun()
#41 C:/OSPanel/domains/ruppert_practice/vendor/laravel/framework/src/Illuminate/Foundation/Console/Kernel.php(201): Symfony/Component/Console/Application->run()
#42 C:/OSPanel/domains/ruppert_practice/artisan(37): Illuminate/Foundation/Console/Kernel->handle()
#43 {main}

[previous exception] [object] (PDOException(code: 42S02): SQLSTATE[42S02]: Base table or view not found: 1146 Table 'ruppert_1.users' doesn't exist at C:/OSPanel/domains/ruppert_practice/vendor/laravel/framework/src/Illuminate/Database/Connection.php:587)
[stacktrace]
#0 C:/OSPanel/domains/ruppert_practice/vendor/laravel/framework/src/Illuminate/Database/Connection.php(587): PDOStatement->execute()
#1 C:/OSPanel/domains/ruppert_practice/vendor/laravel/framework/src/Illuminate/Database/Connection.php(816): Illuminate/Database/Connection->Illuminate/Database/{closure}()
#2 C:/OSPanel/domains/ruppert_practice/vendor/laravel/framework/src/Illuminate/Database/Connection.php(783): Illuminate/Database/Connection->runQueryCallback()
#3 C:/OSPanel/domains/ruppert_practice/vendor/laravel/framework/src/Illuminate/Database/Connection.php(588): Illuminate/Database/Connection->run()
#4 C:/OSPanel/domains/ruppert_practice/vendor/laravel/framework/src/Illuminate/Database/Schema/Blueprint.php(110): Illuminate/Database/Connection->statement()
#5 C:/OSPanel/domains/ruppert_practice/vendor/laravel/framework/src/Illuminate/Database/Schema/Builder.php(602): Illuminate/Database/Schema/Blueprint->build()
#6 C:/OSPanel/domains/ruppert_practice/vendor/laravel/framework/src/Illuminate/Database/Schema/Builder.php(444): Illuminate/Database/Schema/Builder->build()
#7 C:/OSPanel/domains/ruppert_practice/vendor/laravel/framework/src/Illuminate/Support/Facades/Facade.php(355): Illuminate/Database/Schema/Builder->table()
#8 C:/OSPanel/domains/ruppert_practice/database/migrations/add_status_to_users_table.php(11): Illuminate/Support/Facades/Facade::__callStatic()
#9 C:/OSPanel/domains/ruppert_practice/vendor/laravel/framework/src/Illuminate/Database/Migrations/Migrator.php(501): Illuminate/Database/Migrations/Migration@anonymous->up()
#10 C:/OSPanel/domains/ruppert_practice/vendor/laravel/framework/src/Illuminate/Database/Migrations/Migrator.php(418): Illuminate/Database/Migrations/Migrator->runMethod()
#11 C:/OSPanel/domains/ruppert_practice/vendor/laravel/framework/src/Illuminate/Database/Migrations/Migrator.php(427): Illuminate/Database/Migrations/Migrator->Illuminate/Database/Migrations/{closure}()
#12 C:/OSPanel/domains/ruppert_practice/vendor/laravel/framework/src/Illuminate/Database/Migrations/Migrator.php(224): Illuminate/Database/Migrations/Migrator->runMigration()
#13 C:/OSPanel/domains/ruppert_practice/vendor/laravel/framework/src/Illuminate/Console/View/Components/Task.php(37): Illuminate/Database/Migrations/Migrator->Illuminate/Database/Migrations/{closure}()
#14 C:/OSPanel/domains/ruppert_practice/vendor/laravel/framework/src/Illuminate/Database/Migrations/Migrator.php(783): Illuminate/Console/View/Components/Task->render()
#15 C:/OSPanel/domains/ruppert_practice/vendor/laravel/framework/src/Illuminate/Database/Migrations/Migrator.php(224): Illuminate/Database/Migrations/Migrator->write()
#16 C:/OSPanel/domains/ruppert_practice/vendor/laravel/framework/src/Illuminate/Database/Migrations/Migrator.php(189): Illuminate/Database/Migrations/Migrator->runUp()
#17 C:/OSPanel/domains/ruppert_practice/vendor/laravel/framework/src/Illuminate/Database/Migrations/Migrator.php(132): Illuminate/Database/Migrations/Migrator->runPending()
#18 C:/OSPanel/domains/ruppert_practice/vendor/laravel/framework/src/Illuminate/Database/Console/Migrations/MigrateCommand.php(92): Illuminate/Database/Migrations/Migrator->run()
#19 C:/OSPanel/domains/ruppert_practice/vendor/laravel/framework/src/Illuminate/Database/Migrations/Migrator.php(641): Illuminate/Database/Console/Migrations/MigrateCommand->Illuminate/Database/Console/Migrations/{closure}()
#20 C:/OSPanel/domains/ruppert_practice/vendor/laravel/framework/src/Illuminate/Database/Console/Migrations/MigrateCommand.php(104): Illuminate/Database/Migrations/Migrator->usingConnection()
#21 C:/OSPanel/domains/ruppert_practice/vendor/laravel/framework/src/Illuminate/Container/BoundMethod.php(36): Illuminate/Database/Console/Migrations/MigrateCommand->handle()
#22 C:/OSPanel/domains/ruppert_practice/vendor/laravel/framework/src/Illuminate/Container/Util.php(41): Illuminate/Container/BoundMethod::Illuminate/Container/{closure}()
#23 C:/OSPanel/domains/ruppert_practice/vendor/laravel/framework/src/Illuminate/Container/BoundMethod.php(93): Illuminate/Container/Util::unwrapIfClosure()
#24 C:/OSPanel/domains/ruppert_practice/vendor/laravel/framework/src/Illuminate/Container/BoundMethod.php(37): Illuminate/Container/BoundMethod::callBoundMethod()
#25 C:/OSPanel/domains/ruppert_practice/vendor/laravel/framework/src/Illuminate/Container/Container.php(662): Illuminate/Container/BoundMethod::call()
#26 C:/OSPanel/domains/ruppert_practice/vendor/laravel/framework/src/Illuminate/Console/Command.php(211): Illuminate/Container/Container->call()
#27 C:/OSPanel/domains/ruppert_practice/vendor/symfony/console/Command/Command.php(326): Illuminate/Console/Command->execute()
#28 C:/OSPanel/domains/ruppert_practice/vendor/laravel/framework/src/Illuminate/Console/Command.php(181): Symfony/Component/Console/Command/Command->run()
#29 C:/OSPanel/domains/ruppert_practice/vendor/laravel/framework/src/Illuminate/Console/Concerns/CallsCommands.php(68): Illuminate/Console/Command->run()
#30 C:/OSPanel/domains/ruppert_practice/vendor/laravel/framework/src/Illuminate/Console/Concerns/CallsCommands.php(28): Illuminate/Console/Command->runCommand()
#31 C:/OSPanel/domains/ruppert_practice/vendor/laravel/framework/src/Illuminate/Database/Console/Migrations/FreshCommand.php(59): Illuminate/Console/Command->call()
#32 C:/OSPanel/domains/ruppert_practice/vendor/laravel/framework/src/Illuminate/Container/BoundMethod.php(36): Illuminate/Database/Console/Migrations/FreshCommand->handle()
#33 C:/OSPanel/domains/ruppert_practice/vendor/laravel/framework/src/Illuminate/Container/Util.php(41): Illuminate/Container/BoundMethod::Illuminate/Container/{closure}()
#34 C:/OSPanel/domains/ruppert_practice/vendor/laravel/framework/src/Illuminate/Container/BoundMethod.php(93): Illuminate/Container/Util::unwrapIfClosure()
#35 C:/OSPanel/domains/ruppert_practice/vendor/laravel/framework/src/Illuminate/Container/BoundMethod.php(37): Illuminate/Container/BoundMethod::callBoundMethod()
#36 C:/OSPanel/domains/ruppert_practice/vendor/laravel/framework/src/Illuminate/Container/Container.php(662): Illuminate/Container/BoundMethod::call()
#37 C:/OSPanel/domains/ruppert_practice/vendor/laravel/framework/src/Illuminate/Console/Command.php(211): Illuminate/Container/Container->call()
#38 C:/OSPanel/domains/ruppert_practice/vendor/symfony/console/Command/Command.php(326): Illuminate/Console/Command->execute()
#39 C:/OSPanel/domains/ruppert_practice/vendor/laravel/framework/src/Illuminate/Console/Command.php(181): Symfony/Component/Console/Command/Command->run()
#40 C:/OSPanel/domains/ruppert_practice/vendor/symfony/console/Application.php(1121): Illuminate/Console/Command->run()
#41 C:/OSPanel/domains/ruppert_practice/vendor/symfony/console/Application.php(324): Symfony/Component/Console/Application->doRunCommand()
#42 C:/OSPanel/domains/ruppert_practice/vendor/symfony/console/Application.php(175): Symfony/Component/Console/Application->doRun()
#43 C:/OSPanel/domains/ruppert_practice/vendor/laravel/framework/src/Illuminate/Foundation/Console/Kernel.php(201): Symfony/Component/Console/Application->run()
#44 C:/OSPanel/domains/ruppert_practice/artisan(37): Illuminate/Foundation/Console/Kernel->handle()
#45 {main}
"} 
[2026-05-22 07:43:59] local.ERROR: SQLSTATE[42S02]: Base table or view not found: 1146 Table 'ruppert_1.users' doesn't exist (Connection: mysql, SQL: alter table `users` add `status` enum('guest', 'dispatcher', 'admin') not null default 'guest' after `email`) {"exception":"[object] (Illuminate\\Database\\QueryException(code: 42S02): SQLSTATE[42S02]: Base table or view not found: 1146 Table 'ruppert_1.users' doesn't exist (Connection: mysql, SQL: alter table `users` add `status` enum('guest', 'dispatcher', 'admin') not null default 'guest' after `email`) at C:/OSPanel/domains/ruppert_practice/vendor/laravel/framework/src/Illuminate/Database/Connection.php:829)
[stacktrace]
#0 C:/OSPanel/domains/ruppert_practice/vendor/laravel/framework/src/Illuminate/Database/Connection.php(783): Illuminate/Database/Connection->runQueryCallback()
#1 C:/OSPanel/domains/ruppert_practice/vendor/laravel/framework/src/Illuminate/Database/Connection.php(588): Illuminate/Database/Connection->run()
#2 C:/OSPanel/domains/ruppert_practice/vendor/laravel/framework/src/Illuminate/Database/Schema/Blueprint.php(110): Illuminate/Database/Connection->statement()
#3 C:/OSPanel/domains/ruppert_practice/vendor/laravel/framework/src/Illuminate/Database/Schema/Builder.php(602): Illuminate/Database/Schema/Blueprint->build()
#4 C:/OSPanel/domains/ruppert_practice/vendor/laravel/framework/src/Illuminate/Database/Schema/Builder.php(444): Illuminate/Database/Schema/Builder->build()
#5 C:/OSPanel/domains/ruppert_practice/vendor/laravel/framework/src/Illuminate/Support/Facades/Facade.php(355): Illuminate/Database/Schema/Builder->table()
#6 C:/OSPanel/domains/ruppert_practice/database/migrations/0001_01_01_111111_add_status_to_users_table.php(11): Illuminate/Support/Facades/Facade::__callStatic()
#7 C:/OSPanel/domains/ruppert_practice/vendor/laravel/framework/src/Illuminate/Database/Migrations/Migrator.php(501): Illuminate/Database/Migrations/Migration@anonymous->up()
#8 C:/OSPanel/domains/ruppert_practice/vendor/laravel/framework/src/Illuminate/Database/Migrations/Migrator.php(418): Illuminate/Database/Migrations/Migrator->runMethod()
#9 C:/OSPanel/domains/ruppert_practice/vendor/laravel/framework/src/Illuminate/Database/Migrations/Migrator.php(427): Illuminate/Database/Migrations/Migrator->Illuminate/Database/Migrations/{closure}()
#10 C:/OSPanel/domains/ruppert_practice/vendor/laravel/framework/src/Illuminate/Database/Migrations/Migrator.php(224): Illuminate/Database/Migrations/Migrator->runMigration()
#11 C:/OSPanel/domains/ruppert_practice/vendor/laravel/framework/src/Illuminate/Console/View/Components/Task.php(37): Illuminate/Database/Migrations/Migrator->Illuminate/Database/Migrations/{closure}()
#12 C:/OSPanel/domains/ruppert_practice/vendor/laravel/framework/src/Illuminate/Database/Migrations/Migrator.php(783): Illuminate/Console/View/Components/Task->render()
#13 C:/OSPanel/domains/ruppert_practice/vendor/laravel/framework/src/Illuminate/Database/Migrations/Migrator.php(224): Illuminate/Database/Migrations/Migrator->write()
#14 C:/OSPanel/domains/ruppert_practice/vendor/laravel/framework/src/Illuminate/Database/Migrations/Migrator.php(189): Illuminate/Database/Migrations/Migrator->runUp()
#15 C:/OSPanel/domains/ruppert_practice/vendor/laravel/framework/src/Illuminate/Database/Migrations/Migrator.php(132): Illuminate/Database/Migrations/Migrator->runPending()
#16 C:/OSPanel/domains/ruppert_practice/vendor/laravel/framework/src/Illuminate/Database/Console/Migrations/MigrateCommand.php(92): Illuminate/Database/Migrations/Migrator->run()
#17 C:/OSPanel/domains/ruppert_practice/vendor/laravel/framework/src/Illuminate/Database/Migrations/Migrator.php(641): Illuminate/Database/Console/Migrations/MigrateCommand->Illuminate/Database/Console/Migrations/{closure}()
#18 C:/OSPanel/domains/ruppert_practice/vendor/laravel/framework/src/Illuminate/Database/Console/Migrations/MigrateCommand.php(104): Illuminate/Database/Migrations/Migrator->usingConnection()
#19 C:/OSPanel/domains/ruppert_practice/vendor/laravel/framework/src/Illuminate/Container/BoundMethod.php(36): Illuminate/Database/Console/Migrations/MigrateCommand->handle()
#20 C:/OSPanel/domains/ruppert_practice/vendor/laravel/framework/src/Illuminate/Container/Util.php(41): Illuminate/Container/BoundMethod::Illuminate/Container/{closure}()
#21 C:/OSPanel/domains/ruppert_practice/vendor/laravel/framework/src/Illuminate/Container/BoundMethod.php(93): Illuminate/Container/Util::unwrapIfClosure()
#22 C:/OSPanel/domains/ruppert_practice/vendor/laravel/framework/src/Illuminate/Container/BoundMethod.php(37): Illuminate/Container/BoundMethod::callBoundMethod()
#23 C:/OSPanel/domains/ruppert_practice/vendor/laravel/framework/src/Illuminate/Container/Container.php(662): Illuminate/Container/BoundMethod::call()
#24 C:/OSPanel/domains/ruppert_practice/vendor/laravel/framework/src/Illuminate/Console/Command.php(211): Illuminate/Container/Container->call()
#25 C:/OSPanel/domains/ruppert_practice/vendor/symfony/console/Command/Command.php(326): Illuminate/Console/Command->execute()
#26 C:/OSPanel/domains/ruppert_practice/vendor/laravel/framework/src/Illuminate/Console/Command.php(181): Symfony/Component/Console/Command/Command->run()
#27 C:/OSPanel/domains/ruppert_practice/vendor/laravel/framework/src/Illuminate/Console/Concerns/CallsCommands.php(68): Illuminate/Console/Command->run()
#28 C:/OSPanel/domains/ruppert_practice/vendor/laravel/framework/src/Illuminate/Console/Concerns/CallsCommands.php(28): Illuminate/Console/Command->runCommand()
#29 C:/OSPanel/domains/ruppert_practice/vendor/laravel/framework/src/Illuminate/Database/Console/Migrations/FreshCommand.php(59): Illuminate/Console/Command->call()
#30 C:/OSPanel/domains/ruppert_practice/vendor/laravel/framework/src/Illuminate/Container/BoundMethod.php(36): Illuminate/Database/Console/Migrations/FreshCommand->handle()
#31 C:/OSPanel/domains/ruppert_practice/vendor/laravel/framework/src/Illuminate/Container/Util.php(41): Illuminate/Container/BoundMethod::Illuminate/Container/{closure}()
#32 C:/OSPanel/domains/ruppert_practice/vendor/laravel/framework/src/Illuminate/Container/BoundMethod.php(93): Illuminate/Container/Util::unwrapIfClosure()
#33 C:/OSPanel/domains/ruppert_practice/vendor/laravel/framework/src/Illuminate/Container/BoundMethod.php(37): Illuminate/Container/BoundMethod::callBoundMethod()
#34 C:/OSPanel/domains/ruppert_practice/vendor/laravel/framework/src/Illuminate/Container/Container.php(662): Illuminate/Container/BoundMethod::call()
#35 C:/OSPanel/domains/ruppert_practice/vendor/laravel/framework/src/Illuminate/Console/Command.php(211): Illuminate/Container/Container->call()
#36 C:/OSPanel/domains/ruppert_practice/vendor/symfony/console/Command/Command.php(326): Illuminate/Console/Command->execute()
#37 C:/OSPanel/domains/ruppert_practice/vendor/laravel/framework/src/Illuminate/Console/Command.php(181): Symfony/Component/Console/Command/Command->run()
#38 C:/OSPanel/domains/ruppert_practice/vendor/symfony/console/Application.php(1121): Illuminate/Console/Command->run()
#39 C:/OSPanel/domains/ruppert_practice/vendor/symfony/console/Application.php(324): Symfony/Component/Console/Application->doRunCommand()
#40 C:/OSPanel/domains/ruppert_practice/vendor/symfony/console/Application.php(175): Symfony/Component/Console/Application->doRun()
#41 C:/OSPanel/domains/ruppert_practice/vendor/laravel/framework/src/Illuminate/Foundation/Console/Kernel.php(201): Symfony/Component/Console/Application->run()
#42 C:/OSPanel/domains/ruppert_practice/artisan(37): Illuminate/Foundation/Console/Kernel->handle()
#43 {main}

[previous exception] [object] (PDOException(code: 42S02): SQLSTATE[42S02]: Base table or view not found: 1146 Table 'ruppert_1.users' doesn't exist at C:/OSPanel/domains/ruppert_practice/vendor/laravel/framework/src/Illuminate/Database/Connection.php:587)
[stacktrace]
#0 C:/OSPanel/domains/ruppert_practice/vendor/laravel/framework/src/Illuminate/Database/Connection.php(587): PDOStatement->execute()
#1 C:/OSPanel/domains/ruppert_practice/vendor/laravel/framework/src/Illuminate/Database/Connection.php(816): Illuminate/Database/Connection->Illuminate/Database/{closure}()
#2 C:/OSPanel/domains/ruppert_practice/vendor/laravel/framework/src/Illuminate/Database/Connection.php(783): Illuminate/Database/Connection->runQueryCallback()
#3 C:/OSPanel/domains/ruppert_practice/vendor/laravel/framework/src/Illuminate/Database/Connection.php(588): Illuminate/Database/Connection->run()
#4 C:/OSPanel/domains/ruppert_practice/vendor/laravel/framework/src/Illuminate/Database/Schema/Blueprint.php(110): Illuminate/Database/Connection->statement()
#5 C:/OSPanel/domains/ruppert_practice/vendor/laravel/framework/src/Illuminate/Database/Schema/Builder.php(602): Illuminate/Database/Schema/Blueprint->build()
#6 C:/OSPanel/domains/ruppert_practice/vendor/laravel/framework/src/Illuminate/Database/Schema/Builder.php(444): Illuminate/Database/Schema/Builder->build()
#7 C:/OSPanel/domains/ruppert_practice/vendor/laravel/framework/src/Illuminate/Support/Facades/Facade.php(355): Illuminate/Database/Schema/Builder->table()
#8 C:/OSPanel/domains/ruppert_practice/database/migrations/0001_01_01_111111_add_status_to_users_table.php(11): Illuminate/Support/Facades/Facade::__callStatic()
#9 C:/OSPanel/domains/ruppert_practice/vendor/laravel/framework/src/Illuminate/Database/Migrations/Migrator.php(501): Illuminate/Database/Migrations/Migration@anonymous->up()
#10 C:/OSPanel/domains/ruppert_practice/vendor/laravel/framework/src/Illuminate/Database/Migrations/Migrator.php(418): Illuminate/Database/Migrations/Migrator->runMethod()
#11 C:/OSPanel/domains/ruppert_practice/vendor/laravel/framework/src/Illuminate/Database/Migrations/Migrator.php(427): Illuminate/Database/Migrations/Migrator->Illuminate/Database/Migrations/{closure}()
#12 C:/OSPanel/domains/ruppert_practice/vendor/laravel/framework/src/Illuminate/Database/Migrations/Migrator.php(224): Illuminate/Database/Migrations/Migrator->runMigration()
#13 C:/OSPanel/domains/ruppert_practice/vendor/laravel/framework/src/Illuminate/Console/View/Components/Task.php(37): Illuminate/Database/Migrations/Migrator->Illuminate/Database/Migrations/{closure}()
#14 C:/OSPanel/domains/ruppert_practice/vendor/laravel/framework/src/Illuminate/Database/Migrations/Migrator.php(783): Illuminate/Console/View/Components/Task->render()
#15 C:/OSPanel/domains/ruppert_practice/vendor/laravel/framework/src/Illuminate/Database/Migrations/Migrator.php(224): Illuminate/Database/Migrations/Migrator->write()
#16 C:/OSPanel/domains/ruppert_practice/vendor/laravel/framework/src/Illuminate/Database/Migrations/Migrator.php(189): Illuminate/Database/Migrations/Migrator->runUp()
#17 C:/OSPanel/domains/ruppert_practice/vendor/laravel/framework/src/Illuminate/Database/Migrations/Migrator.php(132): Illuminate/Database/Migrations/Migrator->runPending()
#18 C:/OSPanel/domains/ruppert_practice/vendor/laravel/framework/src/Illuminate/Database/Console/Migrations/MigrateCommand.php(92): Illuminate/Database/Migrations/Migrator->run()
#19 C:/OSPanel/domains/ruppert_practice/vendor/laravel/framework/src/Illuminate/Database/Migrations/Migrator.php(641): Illuminate/Database/Console/Migrations/MigrateCommand->Illuminate/Database/Console/Migrations/{closure}()
#20 C:/OSPanel/domains/ruppert_practice/vendor/laravel/framework/src/Illuminate/Database/Console/Migrations/MigrateCommand.php(104): Illuminate/Database/Migrations/Migrator->usingConnection()
#21 C:/OSPanel/domains/ruppert_practice/vendor/laravel/framework/src/Illuminate/Container/BoundMethod.php(36): Illuminate/Database/Console/Migrations/MigrateCommand->handle()
#22 C:/OSPanel/domains/ruppert_practice/vendor/laravel/framework/src/Illuminate/Container/Util.php(41): Illuminate/Container/BoundMethod::Illuminate/Container/{closure}()
#23 C:/OSPanel/domains/ruppert_practice/vendor/laravel/framework/src/Illuminate/Container/BoundMethod.php(93): Illuminate/Container/Util::unwrapIfClosure()
#24 C:/OSPanel/domains/ruppert_practice/vendor/laravel/framework/src/Illuminate/Container/BoundMethod.php(37): Illuminate/Container/BoundMethod::callBoundMethod()
#25 C:/OSPanel/domains/ruppert_practice/vendor/laravel/framework/src/Illuminate/Container/Container.php(662): Illuminate/Container/BoundMethod::call()
#26 C:/OSPanel/domains/ruppert_practice/vendor/laravel/framework/src/Illuminate/Console/Command.php(211): Illuminate/Container/Container->call()
#27 C:/OSPanel/domains/ruppert_practice/vendor/symfony/console/Command/Command.php(326): Illuminate/Console/Command->execute()
#28 C:/OSPanel/domains/ruppert_practice/vendor/laravel/framework/src/Illuminate/Console/Command.php(181): Symfony/Component/Console/Command/Command->run()
#29 C:/OSPanel/domains/ruppert_practice/vendor/laravel/framework/src/Illuminate/Console/Concerns/CallsCommands.php(68): Illuminate/Console/Command->run()
#30 C:/OSPanel/domains/ruppert_practice/vendor/laravel/framework/src/Illuminate/Console/Concerns/CallsCommands.php(28): Illuminate/Console/Command->runCommand()
#31 C:/OSPanel/domains/ruppert_practice/vendor/laravel/framework/src/Illuminate/Database/Console/Migrations/FreshCommand.php(59): Illuminate/Console/Command->call()
#32 C:/OSPanel/domains/ruppert_practice/vendor/laravel/framework/src/Illuminate/Container/BoundMethod.php(36): Illuminate/Database/Console/Migrations/FreshCommand->handle()
#33 C:/OSPanel/domains/ruppert_practice/vendor/laravel/framework/src/Illuminate/Container/Util.php(41): Illuminate/Container/BoundMethod::Illuminate/Container/{closure}()
#34 C:/OSPanel/domains/ruppert_practice/vendor/laravel/framework/src/Illuminate/Container/BoundMethod.php(93): Illuminate/Container/Util::unwrapIfClosure()
#35 C:/OSPanel/domains/ruppert_practice/vendor/laravel/framework/src/Illuminate/Container/BoundMethod.php(37): Illuminate/Container/BoundMethod::callBoundMethod()
#36 C:/OSPanel/domains/ruppert_practice/vendor/laravel/framework/src/Illuminate/Container/Container.php(662): Illuminate/Container/BoundMethod::call()
#37 C:/OSPanel/domains/ruppert_practice/vendor/laravel/framework/src/Illuminate/Console/Command.php(211): Illuminate/Container/Container->call()
#38 C:/OSPanel/domains/ruppert_practice/vendor/symfony/console/Command/Command.php(326): Illuminate/Console/Command->execute()
#39 C:/OSPanel/domains/ruppert_practice/vendor/laravel/framework/src/Illuminate/Console/Command.php(181): Symfony/Component/Console/Command/Command->run()
#40 C:/OSPanel/domains/ruppert_practice/vendor/symfony/console/Application.php(1121): Illuminate/Console/Command->run()
#41 C:/OSPanel/domains/ruppert_practice/vendor/symfony/console/Application.php(324): Symfony/Component/Console/Application->doRunCommand()
#42 C:/OSPanel/domains/ruppert_practice/vendor/symfony/console/Application.php(175): Symfony/Component/Console/Application->doRun()
#43 C:/OSPanel/domains/ruppert_practice/vendor/laravel/framework/src/Illuminate/Foundation/Console/Kernel.php(201): Symfony/Component/Console/Application->run()
#44 C:/OSPanel/domains/ruppert_practice/artisan(37): Illuminate/Foundation/Console/Kernel->handle()
#45 {main}
"} 
[2026-05-22 07:44:47] local.ERROR: SQLSTATE[HY000] [1049] Unknown database 'ruppert_100' (Connection: mysql, SQL: select table_name as `name`, (data_length + index_length) as `size`, table_comment as `comment`, engine as `engine`, table_collation as `collation` from information_schema.tables where table_schema = 'ruppert_100' and table_type in ('BASE TABLE', 'SYSTEM VERSIONED') order by table_name) {"exception":"[object] (Illuminate\\Database\\QueryException(code: 1049): SQLSTATE[HY000] [1049] Unknown database 'ruppert_100' (Connection: mysql, SQL: select table_name as `name`, (data_length + index_length) as `size`, table_comment as `comment`, engine as `engine`, table_collation as `collation` from information_schema.tables where table_schema = 'ruppert_100' and table_type in ('BASE TABLE', 'SYSTEM VERSIONED') order by table_name) at C:/OSPanel/domains/ruppert_practice/vendor/laravel/framework/src/Illuminate/Database/Connection.php:829)
[stacktrace]
#0 C:/OSPanel/domains/ruppert_practice/vendor/laravel/framework/src/Illuminate/Database/Connection.php(783): Illuminate/Database/Connection->runQueryCallback()
#1 C:/OSPanel/domains/ruppert_practice/vendor/laravel/framework/src/Illuminate/Database/Connection.php(431): Illuminate/Database/Connection->run()
#2 C:/OSPanel/domains/ruppert_practice/vendor/laravel/framework/src/Illuminate/Database/Connection.php(401): Illuminate/Database/Connection->select()
#3 C:/OSPanel/domains/ruppert_practice/vendor/laravel/framework/src/Illuminate/Database/Schema/MySqlBuilder.php(42): Illuminate/Database/Connection->selectFromWriteConnection()
#4 C:/OSPanel/domains/ruppert_practice/vendor/laravel/framework/src/Illuminate/Database/Schema/MySqlBuilder.php(147): Illuminate/Database/Schema/MySqlBuilder->getTables()
#5 C:/OSPanel/domains/ruppert_practice/vendor/laravel/framework/src/Illuminate/Database/Console/WipeCommand.php(71): Illuminate/Database/Schema/MySqlBuilder->dropAllTables()
#6 C:/OSPanel/domains/ruppert_practice/vendor/laravel/framework/src/Illuminate/Database/Console/WipeCommand.php(48): Illuminate/Database/Console/WipeCommand->dropAllTables()
#7 C:/OSPanel/domains/ruppert_practice/vendor/laravel/framework/src/Illuminate/Container/BoundMethod.php(36): Illuminate/Database/Console/WipeCommand->handle()
#8 C:/OSPanel/domains/ruppert_practice/vendor/laravel/framework/src/Illuminate/Container/Util.php(41): Illuminate/Container/BoundMethod::Illuminate/Container/{closure}()
#9 C:/OSPanel/domains/ruppert_practice/vendor/laravel/framework/src/Illuminate/Container/BoundMethod.php(93): Illuminate/Container/Util::unwrapIfClosure()
#10 C:/OSPanel/domains/ruppert_practice/vendor/laravel/framework/src/Illuminate/Container/BoundMethod.php(37): Illuminate/Container/BoundMethod::callBoundMethod()
#11 C:/OSPanel/domains/ruppert_practice/vendor/laravel/framework/src/Illuminate/Container/Container.php(662): Illuminate/Container/BoundMethod::call()
#12 C:/OSPanel/domains/ruppert_practice/vendor/laravel/framework/src/Illuminate/Console/Command.php(211): Illuminate/Container/Container->call()
#13 C:/OSPanel/domains/ruppert_practice/vendor/symfony/console/Command/Command.php(326): Illuminate/Console/Command->execute()
#14 C:/OSPanel/domains/ruppert_practice/vendor/laravel/framework/src/Illuminate/Console/Command.php(181): Symfony/Component/Console/Command/Command->run()
#15 C:/OSPanel/domains/ruppert_practice/vendor/laravel/framework/src/Illuminate/Console/Concerns/CallsCommands.php(68): Illuminate/Console/Command->run()
#16 C:/OSPanel/domains/ruppert_practice/vendor/laravel/framework/src/Illuminate/Console/Concerns/CallsCommands.php(40): Illuminate/Console/Command->runCommand()
#17 C:/OSPanel/domains/ruppert_practice/vendor/laravel/framework/src/Illuminate/Database/Console/Migrations/FreshCommand.php(45): Illuminate/Console/Command->callSilent()
#18 C:/OSPanel/domains/ruppert_practice/vendor/laravel/framework/src/Illuminate/Console/View/Components/Task.php(37): Illuminate/Database/Console/Migrations/FreshCommand->Illuminate/Database/Console/Migrations/{closure}()
#19 C:/OSPanel/domains/ruppert_practice/vendor/laravel/framework/src/Illuminate/Console/View/Components/Factory.php(58): Illuminate/Console/View/Components/Task->render()
#20 C:/OSPanel/domains/ruppert_practice/vendor/laravel/framework/src/Illuminate/Database/Console/Migrations/FreshCommand.php(49): Illuminate/Console/View/Components/Factory->__call()
#21 C:/OSPanel/domains/ruppert_practice/vendor/laravel/framework/src/Illuminate/Container/BoundMethod.php(36): Illuminate/Database/Console/Migrations/FreshCommand->handle()
#22 C:/OSPanel/domains/ruppert_practice/vendor/laravel/framework/src/Illuminate/Container/Util.php(41): Illuminate/Container/BoundMethod::Illuminate/Container/{closure}()
#23 C:/OSPanel/domains/ruppert_practice/vendor/laravel/framework/src/Illuminate/Container/BoundMethod.php(93): Illuminate/Container/Util::unwrapIfClosure()
#24 C:/OSPanel/domains/ruppert_practice/vendor/laravel/framework/src/Illuminate/Container/BoundMethod.php(37): Illuminate/Container/BoundMethod::callBoundMethod()
#25 C:/OSPanel/domains/ruppert_practice/vendor/laravel/framework/src/Illuminate/Container/Container.php(662): Illuminate/Container/BoundMethod::call()
#26 C:/OSPanel/domains/ruppert_practice/vendor/laravel/framework/src/Illuminate/Console/Command.php(211): Illuminate/Container/Container->call()
#27 C:/OSPanel/domains/ruppert_practice/vendor/symfony/console/Command/Command.php(326): Illuminate/Console/Command->execute()
#28 C:/OSPanel/domains/ruppert_practice/vendor/laravel/framework/src/Illuminate/Console/Command.php(181): Symfony/Component/Console/Command/Command->run()
#29 C:/OSPanel/domains/ruppert_practice/vendor/symfony/console/Application.php(1121): Illuminate/Console/Command->run()
#30 C:/OSPanel/domains/ruppert_practice/vendor/symfony/console/Application.php(324): Symfony/Component/Console/Application->doRunCommand()
#31 C:/OSPanel/domains/ruppert_practice/vendor/symfony/console/Application.php(175): Symfony/Component/Console/Application->doRun()
#32 C:/OSPanel/domains/ruppert_practice/vendor/laravel/framework/src/Illuminate/Foundation/Console/Kernel.php(201): Symfony/Component/Console/Application->run()
#33 C:/OSPanel/domains/ruppert_practice/artisan(37): Illuminate/Foundation/Console/Kernel->handle()
#34 {main}

[previous exception] [object] (PDOException(code: 1049): SQLSTATE[HY000] [1049] Unknown database 'ruppert_100' at C:/OSPanel/domains/ruppert_practice/vendor/laravel/framework/src/Illuminate/Database/Connectors/Connector.php:65)
[stacktrace]
#0 C:/OSPanel/domains/ruppert_practice/vendor/laravel/framework/src/Illuminate/Database/Connectors/Connector.php(65): PDO->__construct()
#1 C:/OSPanel/domains/ruppert_practice/vendor/laravel/framework/src/Illuminate/Database/Connectors/Connector.php(45): Illuminate/Database/Connectors/Connector->createPdoConnection()
#2 C:/OSPanel/domains/ruppert_practice/vendor/laravel/framework/src/Illuminate/Database/Connectors/MySqlConnector.php(24): Illuminate/Database/Connectors/Connector->createConnection()
#3 C:/OSPanel/domains/ruppert_practice/vendor/laravel/framework/src/Illuminate/Database/Connectors/ConnectionFactory.php(184): Illuminate/Database/Connectors/MySqlConnector->connect()
#4 [internal function]: Illuminate/Database/Connectors/ConnectionFactory->Illuminate/Database/Connectors/{closure}()
#5 C:/OSPanel/domains/ruppert_practice/vendor/laravel/framework/src/Illuminate/Database/Connection.php(1339): call_user_func()
#6 C:/OSPanel/domains/ruppert_practice/vendor/laravel/framework/src/Illuminate/Database/Connection.php(528): Illuminate/Database/Connection->getPdo()
#7 C:/OSPanel/domains/ruppert_practice/vendor/laravel/framework/src/Illuminate/Database/Connection.php(423): Illuminate/Database/Connection->getPdoForSelect()
#8 C:/OSPanel/domains/ruppert_practice/vendor/laravel/framework/src/Illuminate/Database/Connection.php(816): Illuminate/Database/Connection->Illuminate/Database/{closure}()
#9 C:/OSPanel/domains/ruppert_practice/vendor/laravel/framework/src/Illuminate/Database/Connection.php(783): Illuminate/Database/Connection->runQueryCallback()
#10 C:/OSPanel/domains/ruppert_practice/vendor/laravel/framework/src/Illuminate/Database/Connection.php(431): Illuminate/Database/Connection->run()
#11 C:/OSPanel/domains/ruppert_practice/vendor/laravel/framework/src/Illuminate/Database/Connection.php(401): Illuminate/Database/Connection->select()
#12 C:/OSPanel/domains/ruppert_practice/vendor/laravel/framework/src/Illuminate/Database/Schema/MySqlBuilder.php(42): Illuminate/Database/Connection->selectFromWriteConnection()
#13 C:/OSPanel/domains/ruppert_practice/vendor/laravel/framework/src/Illuminate/Database/Schema/MySqlBuilder.php(147): Illuminate/Database/Schema/MySqlBuilder->getTables()
#14 C:/OSPanel/domains/ruppert_practice/vendor/laravel/framework/src/Illuminate/Database/Console/WipeCommand.php(71): Illuminate/Database/Schema/MySqlBuilder->dropAllTables()
#15 C:/OSPanel/domains/ruppert_practice/vendor/laravel/framework/src/Illuminate/Database/Console/WipeCommand.php(48): Illuminate/Database/Console/WipeCommand->dropAllTables()
#16 C:/OSPanel/domains/ruppert_practice/vendor/laravel/framework/src/Illuminate/Container/BoundMethod.php(36): Illuminate/Database/Console/WipeCommand->handle()
#17 C:/OSPanel/domains/ruppert_practice/vendor/laravel/framework/src/Illuminate/Container/Util.php(41): Illuminate/Container/BoundMethod::Illuminate/Container/{closure}()
#18 C:/OSPanel/domains/ruppert_practice/vendor/laravel/framework/src/Illuminate/Container/BoundMethod.php(93): Illuminate/Container/Util::unwrapIfClosure()
#19 C:/OSPanel/domains/ruppert_practice/vendor/laravel/framework/src/Illuminate/Container/BoundMethod.php(37): Illuminate/Container/BoundMethod::callBoundMethod()
#20 C:/OSPanel/domains/ruppert_practice/vendor/laravel/framework/src/Illuminate/Container/Container.php(662): Illuminate/Container/BoundMethod::call()
#21 C:/OSPanel/domains/ruppert_practice/vendor/laravel/framework/src/Illuminate/Console/Command.php(211): Illuminate/Container/Container->call()
#22 C:/OSPanel/domains/ruppert_practice/vendor/symfony/console/Command/Command.php(326): Illuminate/Console/Command->execute()
#23 C:/OSPanel/domains/ruppert_practice/vendor/laravel/framework/src/Illuminate/Console/Command.php(181): Symfony/Component/Console/Command/Command->run()
#24 C:/OSPanel/domains/ruppert_practice/vendor/laravel/framework/src/Illuminate/Console/Concerns/CallsCommands.php(68): Illuminate/Console/Command->run()
#25 C:/OSPanel/domains/ruppert_practice/vendor/laravel/framework/src/Illuminate/Console/Concerns/CallsCommands.php(40): Illuminate/Console/Command->runCommand()
#26 C:/OSPanel/domains/ruppert_practice/vendor/laravel/framework/src/Illuminate/Database/Console/Migrations/FreshCommand.php(45): Illuminate/Console/Command->callSilent()
#27 C:/OSPanel/domains/ruppert_practice/vendor/laravel/framework/src/Illuminate/Console/View/Components/Task.php(37): Illuminate/Database/Console/Migrations/FreshCommand->Illuminate/Database/Console/Migrations/{closure}()
#28 C:/OSPanel/domains/ruppert_practice/vendor/laravel/framework/src/Illuminate/Console/View/Components/Factory.php(58): Illuminate/Console/View/Components/Task->render()
#29 C:/OSPanel/domains/ruppert_practice/vendor/laravel/framework/src/Illuminate/Database/Console/Migrations/FreshCommand.php(49): Illuminate/Console/View/Components/Factory->__call()
#30 C:/OSPanel/domains/ruppert_practice/vendor/laravel/framework/src/Illuminate/Container/BoundMethod.php(36): Illuminate/Database/Console/Migrations/FreshCommand->handle()
#31 C:/OSPanel/domains/ruppert_practice/vendor/laravel/framework/src/Illuminate/Container/Util.php(41): Illuminate/Container/BoundMethod::Illuminate/Container/{closure}()
#32 C:/OSPanel/domains/ruppert_practice/vendor/laravel/framework/src/Illuminate/Container/BoundMethod.php(93): Illuminate/Container/Util::unwrapIfClosure()
#33 C:/OSPanel/domains/ruppert_practice/vendor/laravel/framework/src/Illuminate/Container/BoundMethod.php(37): Illuminate/Container/BoundMethod::callBoundMethod()
#34 C:/OSPanel/domains/ruppert_practice/vendor/laravel/framework/src/Illuminate/Container/Container.php(662): Illuminate/Container/BoundMethod::call()
#35 C:/OSPanel/domains/ruppert_practice/vendor/laravel/framework/src/Illuminate/Console/Command.php(211): Illuminate/Container/Container->call()
#36 C:/OSPanel/domains/ruppert_practice/vendor/symfony/console/Command/Command.php(326): Illuminate/Console/Command->execute()
#37 C:/OSPanel/domains/ruppert_practice/vendor/laravel/framework/src/Illuminate/Console/Command.php(181): Symfony/Component/Console/Command/Command->run()
#38 C:/OSPanel/domains/ruppert_practice/vendor/symfony/console/Application.php(1121): Illuminate/Console/Command->run()
#39 C:/OSPanel/domains/ruppert_practice/vendor/symfony/console/Application.php(324): Symfony/Component/Console/Application->doRunCommand()
#40 C:/OSPanel/domains/ruppert_practice/vendor/symfony/console/Application.php(175): Symfony/Component/Console/Application->doRun()
#41 C:/OSPanel/domains/ruppert_practice/vendor/laravel/framework/src/Illuminate/Foundation/Console/Kernel.php(201): Symfony/Component/Console/Application->run()
#42 C:/OSPanel/domains/ruppert_practice/artisan(37): Illuminate/Foundation/Console/Kernel->handle()
#43 {main}
"} 
[2026-05-22 07:44:59] local.ERROR: SQLSTATE[42S02]: Base table or view not found: 1146 Table 'ruppert_100.users' doesn't exist (Connection: mysql, SQL: alter table `users` add `status` enum('guest', 'dispatcher', 'admin') not null default 'guest' after `email`) {"exception":"[object] (Illuminate\\Database\\QueryException(code: 42S02): SQLSTATE[42S02]: Base table or view not found: 1146 Table 'ruppert_100.users' doesn't exist (Connection: mysql, SQL: alter table `users` add `status` enum('guest', 'dispatcher', 'admin') not null default 'guest' after `email`) at C:/OSPanel/domains/ruppert_practice/vendor/laravel/framework/src/Illuminate/Database/Connection.php:829)
[stacktrace]
#0 C:/OSPanel/domains/ruppert_practice/vendor/laravel/framework/src/Illuminate/Database/Connection.php(783): Illuminate/Database/Connection->runQueryCallback()
#1 C:/OSPanel/domains/ruppert_practice/vendor/laravel/framework/src/Illuminate/Database/Connection.php(588): Illuminate/Database/Connection->run()
#2 C:/OSPanel/domains/ruppert_practice/vendor/laravel/framework/src/Illuminate/Database/Schema/Blueprint.php(110): Illuminate/Database/Connection->statement()
#3 C:/OSPanel/domains/ruppert_practice/vendor/laravel/framework/src/Illuminate/Database/Schema/Builder.php(602): Illuminate/Database/Schema/Blueprint->build()
#4 C:/OSPanel/domains/ruppert_practice/vendor/laravel/framework/src/Illuminate/Database/Schema/Builder.php(444): Illuminate/Database/Schema/Builder->build()
#5 C:/OSPanel/domains/ruppert_practice/vendor/laravel/framework/src/Illuminate/Support/Facades/Facade.php(355): Illuminate/Database/Schema/Builder->table()
#6 C:/OSPanel/domains/ruppert_practice/database/migrations/0001_01_01_111111_add_status_to_users_table.php(11): Illuminate/Support/Facades/Facade::__callStatic()
#7 C:/OSPanel/domains/ruppert_practice/vendor/laravel/framework/src/Illuminate/Database/Migrations/Migrator.php(501): Illuminate/Database/Migrations/Migration@anonymous->up()
#8 C:/OSPanel/domains/ruppert_practice/vendor/laravel/framework/src/Illuminate/Database/Migrations/Migrator.php(418): Illuminate/Database/Migrations/Migrator->runMethod()
#9 C:/OSPanel/domains/ruppert_practice/vendor/laravel/framework/src/Illuminate/Database/Migrations/Migrator.php(427): Illuminate/Database/Migrations/Migrator->Illuminate/Database/Migrations/{closure}()
#10 C:/OSPanel/domains/ruppert_practice/vendor/laravel/framework/src/Illuminate/Database/Migrations/Migrator.php(224): Illuminate/Database/Migrations/Migrator->runMigration()
#11 C:/OSPanel/domains/ruppert_practice/vendor/laravel/framework/src/Illuminate/Console/View/Components/Task.php(37): Illuminate/Database/Migrations/Migrator->Illuminate/Database/Migrations/{closure}()
#12 C:/OSPanel/domains/ruppert_practice/vendor/laravel/framework/src/Illuminate/Database/Migrations/Migrator.php(783): Illuminate/Console/View/Components/Task->render()
#13 C:/OSPanel/domains/ruppert_practice/vendor/laravel/framework/src/Illuminate/Database/Migrations/Migrator.php(224): Illuminate/Database/Migrations/Migrator->write()
#14 C:/OSPanel/domains/ruppert_practice/vendor/laravel/framework/src/Illuminate/Database/Migrations/Migrator.php(189): Illuminate/Database/Migrations/Migrator->runUp()
#15 C:/OSPanel/domains/ruppert_practice/vendor/laravel/framework/src/Illuminate/Database/Migrations/Migrator.php(132): Illuminate/Database/Migrations/Migrator->runPending()
#16 C:/OSPanel/domains/ruppert_practice/vendor/laravel/framework/src/Illuminate/Database/Console/Migrations/MigrateCommand.php(92): Illuminate/Database/Migrations/Migrator->run()
#17 C:/OSPanel/domains/ruppert_practice/vendor/laravel/framework/src/Illuminate/Database/Migrations/Migrator.php(641): Illuminate/Database/Console/Migrations/MigrateCommand->Illuminate/Database/Console/Migrations/{closure}()
#18 C:/OSPanel/domains/ruppert_practice/vendor/laravel/framework/src/Illuminate/Database/Console/Migrations/MigrateCommand.php(104): Illuminate/Database/Migrations/Migrator->usingConnection()
#19 C:/OSPanel/domains/ruppert_practice/vendor/laravel/framework/src/Illuminate/Container/BoundMethod.php(36): Illuminate/Database/Console/Migrations/MigrateCommand->handle()
#20 C:/OSPanel/domains/ruppert_practice/vendor/laravel/framework/src/Illuminate/Container/Util.php(41): Illuminate/Container/BoundMethod::Illuminate/Container/{closure}()
#21 C:/OSPanel/domains/ruppert_practice/vendor/laravel/framework/src/Illuminate/Container/BoundMethod.php(93): Illuminate/Container/Util::unwrapIfClosure()
#22 C:/OSPanel/domains/ruppert_practice/vendor/laravel/framework/src/Illuminate/Container/BoundMethod.php(37): Illuminate/Container/BoundMethod::callBoundMethod()
#23 C:/OSPanel/domains/ruppert_practice/vendor/laravel/framework/src/Illuminate/Container/Container.php(662): Illuminate/Container/BoundMethod::call()
#24 C:/OSPanel/domains/ruppert_practice/vendor/laravel/framework/src/Illuminate/Console/Command.php(211): Illuminate/Container/Container->call()
#25 C:/OSPanel/domains/ruppert_practice/vendor/symfony/console/Command/Command.php(326): Illuminate/Console/Command->execute()
#26 C:/OSPanel/domains/ruppert_practice/vendor/laravel/framework/src/Illuminate/Console/Command.php(181): Symfony/Component/Console/Command/Command->run()
#27 C:/OSPanel/domains/ruppert_practice/vendor/symfony/console/Application.php(1121): Illuminate/Console/Command->run()
#28 C:/OSPanel/domains/ruppert_practice/vendor/symfony/console/Application.php(324): Symfony/Component/Console/Application->doRunCommand()
#29 C:/OSPanel/domains/ruppert_practice/vendor/symfony/console/Application.php(175): Symfony/Component/Console/Application->doRun()
#30 C:/OSPanel/domains/ruppert_practice/vendor/laravel/framework/src/Illuminate/Foundation/Console/Kernel.php(201): Symfony/Component/Console/Application->run()
#31 C:/OSPanel/domains/ruppert_practice/artisan(37): Illuminate/Foundation/Console/Kernel->handle()
#32 {main}

[previous exception] [object] (PDOException(code: 42S02): SQLSTATE[42S02]: Base table or view not found: 1146 Table 'ruppert_100.users' doesn't exist at C:/OSPanel/domains/ruppert_practice/vendor/laravel/framework/src/Illuminate/Database/Connection.php:587)
[stacktrace]
#0 C:/OSPanel/domains/ruppert_practice/vendor/laravel/framework/src/Illuminate/Database/Connection.php(587): PDOStatement->execute()
#1 C:/OSPanel/domains/ruppert_practice/vendor/laravel/framework/src/Illuminate/Database/Connection.php(816): Illuminate/Database/Connection->Illuminate/Database/{closure}()
#2 C:/OSPanel/domains/ruppert_practice/vendor/laravel/framework/src/Illuminate/Database/Connection.php(783): Illuminate/Database/Connection->runQueryCallback()
#3 C:/OSPanel/domains/ruppert_practice/vendor/laravel/framework/src/Illuminate/Database/Connection.php(588): Illuminate/Database/Connection->run()
#4 C:/OSPanel/domains/ruppert_practice/vendor/laravel/framework/src/Illuminate/Database/Schema/Blueprint.php(110): Illuminate/Database/Connection->statement()
#5 C:/OSPanel/domains/ruppert_practice/vendor/laravel/framework/src/Illuminate/Database/Schema/Builder.php(602): Illuminate/Database/Schema/Blueprint->build()
#6 C:/OSPanel/domains/ruppert_practice/vendor/laravel/framework/src/Illuminate/Database/Schema/Builder.php(444): Illuminate/Database/Schema/Builder->build()
#7 C:/OSPanel/domains/ruppert_practice/vendor/laravel/framework/src/Illuminate/Support/Facades/Facade.php(355): Illuminate/Database/Schema/Builder->table()
#8 C:/OSPanel/domains/ruppert_practice/database/migrations/0001_01_01_111111_add_status_to_users_table.php(11): Illuminate/Support/Facades/Facade::__callStatic()
#9 C:/OSPanel/domains/ruppert_practice/vendor/laravel/framework/src/Illuminate/Database/Migrations/Migrator.php(501): Illuminate/Database/Migrations/Migration@anonymous->up()
#10 C:/OSPanel/domains/ruppert_practice/vendor/laravel/framework/src/Illuminate/Database/Migrations/Migrator.php(418): Illuminate/Database/Migrations/Migrator->runMethod()
#11 C:/OSPanel/domains/ruppert_practice/vendor/laravel/framework/src/Illuminate/Database/Migrations/Migrator.php(427): Illuminate/Database/Migrations/Migrator->Illuminate/Database/Migrations/{closure}()
#12 C:/OSPanel/domains/ruppert_practice/vendor/laravel/framework/src/Illuminate/Database/Migrations/Migrator.php(224): Illuminate/Database/Migrations/Migrator->runMigration()
#13 C:/OSPanel/domains/ruppert_practice/vendor/laravel/framework/src/Illuminate/Console/View/Components/Task.php(37): Illuminate/Database/Migrations/Migrator->Illuminate/Database/Migrations/{closure}()
#14 C:/OSPanel/domains/ruppert_practice/vendor/laravel/framework/src/Illuminate/Database/Migrations/Migrator.php(783): Illuminate/Console/View/Components/Task->render()
#15 C:/OSPanel/domains/ruppert_practice/vendor/laravel/framework/src/Illuminate/Database/Migrations/Migrator.php(224): Illuminate/Database/Migrations/Migrator->write()
#16 C:/OSPanel/domains/ruppert_practice/vendor/laravel/framework/src/Illuminate/Database/Migrations/Migrator.php(189): Illuminate/Database/Migrations/Migrator->runUp()
#17 C:/OSPanel/domains/ruppert_practice/vendor/laravel/framework/src/Illuminate/Database/Migrations/Migrator.php(132): Illuminate/Database/Migrations/Migrator->runPending()
#18 C:/OSPanel/domains/ruppert_practice/vendor/laravel/framework/src/Illuminate/Database/Console/Migrations/MigrateCommand.php(92): Illuminate/Database/Migrations/Migrator->run()
#19 C:/OSPanel/domains/ruppert_practice/vendor/laravel/framework/src/Illuminate/Database/Migrations/Migrator.php(641): Illuminate/Database/Console/Migrations/MigrateCommand->Illuminate/Database/Console/Migrations/{closure}()
#20 C:/OSPanel/domains/ruppert_practice/vendor/laravel/framework/src/Illuminate/Database/Console/Migrations/MigrateCommand.php(104): Illuminate/Database/Migrations/Migrator->usingConnection()
#21 C:/OSPanel/domains/ruppert_practice/vendor/laravel/framework/src/Illuminate/Container/BoundMethod.php(36): Illuminate/Database/Console/Migrations/MigrateCommand->handle()
#22 C:/OSPanel/domains/ruppert_practice/vendor/laravel/framework/src/Illuminate/Container/Util.php(41): Illuminate/Container/BoundMethod::Illuminate/Container/{closure}()
#23 C:/OSPanel/domains/ruppert_practice/vendor/laravel/framework/src/Illuminate/Container/BoundMethod.php(93): Illuminate/Container/Util::unwrapIfClosure()
#24 C:/OSPanel/domains/ruppert_practice/vendor/laravel/framework/src/Illuminate/Container/BoundMethod.php(37): Illuminate/Container/BoundMethod::callBoundMethod()
#25 C:/OSPanel/domains/ruppert_practice/vendor/laravel/framework/src/Illuminate/Container/Container.php(662): Illuminate/Container/BoundMethod::call()
#26 C:/OSPanel/domains/ruppert_practice/vendor/laravel/framework/src/Illuminate/Console/Command.php(211): Illuminate/Container/Container->call()
#27 C:/OSPanel/domains/ruppert_practice/vendor/symfony/console/Command/Command.php(326): Illuminate/Console/Command->execute()
#28 C:/OSPanel/domains/ruppert_practice/vendor/laravel/framework/src/Illuminate/Console/Command.php(181): Symfony/Component/Console/Command/Command->run()
#29 C:/OSPanel/domains/ruppert_practice/vendor/symfony/console/Application.php(1121): Illuminate/Console/Command->run()
#30 C:/OSPanel/domains/ruppert_practice/vendor/symfony/console/Application.php(324): Symfony/Component/Console/Application->doRunCommand()
#31 C:/OSPanel/domains/ruppert_practice/vendor/symfony/console/Application.php(175): Symfony/Component/Console/Application->doRun()
#32 C:/OSPanel/domains/ruppert_practice/vendor/laravel/framework/src/Illuminate/Foundation/Console/Kernel.php(201): Symfony/Component/Console/Application->run()
#33 C:/OSPanel/domains/ruppert_practice/artisan(37): Illuminate/Foundation/Console/Kernel->handle()
#34 {main}
"} 
[2026-05-22 07:45:10] local.ERROR: Command "migration" is not defined.

Did you mean one of these?
    make:migration
    migrate
    migrate:fresh
    migrate:install
    migrate:refresh
    migrate:reset
    migrate:rollback
    migrate:status {"exception":"[object] (Symfony\\Component\\Console\\Exception\\CommandNotFoundException(code: 0): Command \"migration\" is not defined.

Did you mean one of these?
    make:migration
    migrate
    migrate:fresh
    migrate:install
    migrate:refresh
    migrate:reset
    migrate:rollback
    migrate:status at C:/OSPanel/domains/ruppert_practice/vendor/symfony/console/Application.php:745)
[stacktrace]
#0 C:/OSPanel/domains/ruppert_practice/vendor/symfony/console/Application.php(266): Symfony/Component/Console/Application->find()
#1 C:/OSPanel/domains/ruppert_practice/vendor/symfony/console/Application.php(175): Symfony/Component/Console/Application->doRun()
#2 C:/OSPanel/domains/ruppert_practice/vendor/laravel/framework/src/Illuminate/Foundation/Console/Kernel.php(201): Symfony/Component/Console/Application->run()
#3 C:/OSPanel/domains/ruppert_practice/artisan(37): Illuminate/Foundation/Console/Kernel->handle()
#4 {main}
"} 
[2026-05-22 07:45:22] local.ERROR: SQLSTATE[42S01]: Base table or view already exists: 1050 Table 'migrations' already exists (Connection: mysql, SQL: create table `migrations` (`id` int unsigned not null auto_increment primary key, `migration` varchar(255) not null, `batch` int not null) default character set utf8mb4 collate 'utf8mb4_unicode_ci') {"exception":"[object] (Illuminate\\Database\\QueryException(code: 42S01): SQLSTATE[42S01]: Base table or view already exists: 1050 Table 'migrations' already exists (Connection: mysql, SQL: create table `migrations` (`id` int unsigned not null auto_increment primary key, `migration` varchar(255) not null, `batch` int not null) default character set utf8mb4 collate 'utf8mb4_unicode_ci') at C:/OSPanel/domains/ruppert_practice/vendor/laravel/framework/src/Illuminate/Database/Connection.php:829)
[stacktrace]
#0 C:/OSPanel/domains/ruppert_practice/vendor/laravel/framework/src/Illuminate/Database/Connection.php(783): Illuminate/Database/Connection->runQueryCallback()
#1 C:/OSPanel/domains/ruppert_practice/vendor/laravel/framework/src/Illuminate/Database/Connection.php(588): Illuminate/Database/Connection->run()
#2 C:/OSPanel/domains/ruppert_practice/vendor/laravel/framework/src/Illuminate/Database/Schema/Blueprint.php(110): Illuminate/Database/Connection->statement()
#3 C:/OSPanel/domains/ruppert_practice/vendor/laravel/framework/src/Illuminate/Database/Schema/Builder.php(602): Illuminate/Database/Schema/Blueprint->build()
#4 C:/OSPanel/domains/ruppert_practice/vendor/laravel/framework/src/Illuminate/Database/Schema/Builder.php(460): Illuminate/Database/Schema/Builder->build()
#5 C:/OSPanel/domains/ruppert_practice/vendor/laravel/framework/src/Illuminate/Database/Migrations/DatabaseMigrationRepository.php(172): Illuminate/Database/Schema/Builder->create()
#6 C:/OSPanel/domains/ruppert_practice/vendor/laravel/framework/src/Illuminate/Database/Console/Migrations/InstallCommand.php(54): Illuminate/Database/Migrations/DatabaseMigrationRepository->createRepository()
#7 C:/OSPanel/domains/ruppert_practice/vendor/laravel/framework/src/Illuminate/Container/BoundMethod.php(36): Illuminate/Database/Console/Migrations/InstallCommand->handle()
#8 C:/OSPanel/domains/ruppert_practice/vendor/laravel/framework/src/Illuminate/Container/Util.php(41): Illuminate/Container/BoundMethod::Illuminate/Container/{closure}()
#9 C:/OSPanel/domains/ruppert_practice/vendor/laravel/framework/src/Illuminate/Container/BoundMethod.php(93): Illuminate/Container/Util::unwrapIfClosure()
#10 C:/OSPanel/domains/ruppert_practice/vendor/laravel/framework/src/Illuminate/Container/BoundMethod.php(37): Illuminate/Container/BoundMethod::callBoundMethod()
#11 C:/OSPanel/domains/ruppert_practice/vendor/laravel/framework/src/Illuminate/Container/Container.php(662): Illuminate/Container/BoundMethod::call()
#12 C:/OSPanel/domains/ruppert_practice/vendor/laravel/framework/src/Illuminate/Console/Command.php(211): Illuminate/Container/Container->call()
#13 C:/OSPanel/domains/ruppert_practice/vendor/symfony/console/Command/Command.php(326): Illuminate/Console/Command->execute()
#14 C:/OSPanel/domains/ruppert_practice/vendor/laravel/framework/src/Illuminate/Console/Command.php(181): Symfony/Component/Console/Command/Command->run()
#15 C:/OSPanel/domains/ruppert_practice/vendor/symfony/console/Application.php(1121): Illuminate/Console/Command->run()
#16 C:/OSPanel/domains/ruppert_practice/vendor/symfony/console/Application.php(324): Symfony/Component/Console/Application->doRunCommand()
#17 C:/OSPanel/domains/ruppert_practice/vendor/symfony/console/Application.php(175): Symfony/Component/Console/Application->doRun()
#18 C:/OSPanel/domains/ruppert_practice/vendor/laravel/framework/src/Illuminate/Foundation/Console/Kernel.php(201): Symfony/Component/Console/Application->run()
#19 C:/OSPanel/domains/ruppert_practice/artisan(37): Illuminate/Foundation/Console/Kernel->handle()
#20 {main}

[previous exception] [object] (PDOException(code: 42S01): SQLSTATE[42S01]: Base table or view already exists: 1050 Table 'migrations' already exists at C:/OSPanel/domains/ruppert_practice/vendor/laravel/framework/src/Illuminate/Database/Connection.php:587)
[stacktrace]
#0 C:/OSPanel/domains/ruppert_practice/vendor/laravel/framework/src/Illuminate/Database/Connection.php(587): PDOStatement->execute()
#1 C:/OSPanel/domains/ruppert_practice/vendor/laravel/framework/src/Illuminate/Database/Connection.php(816): Illuminate/Database/Connection->Illuminate/Database/{closure}()
#2 C:/OSPanel/domains/ruppert_practice/vendor/laravel/framework/src/Illuminate/Database/Connection.php(783): Illuminate/Database/Connection->runQueryCallback()
#3 C:/OSPanel/domains/ruppert_practice/vendor/laravel/framework/src/Illuminate/Database/Connection.php(588): Illuminate/Database/Connection->run()
#4 C:/OSPanel/domains/ruppert_practice/vendor/laravel/framework/src/Illuminate/Database/Schema/Blueprint.php(110): Illuminate/Database/Connection->statement()
#5 C:/OSPanel/domains/ruppert_practice/vendor/laravel/framework/src/Illuminate/Database/Schema/Builder.php(602): Illuminate/Database/Schema/Blueprint->build()
#6 C:/OSPanel/domains/ruppert_practice/vendor/laravel/framework/src/Illuminate/Database/Schema/Builder.php(460): Illuminate/Database/Schema/Builder->build()
#7 C:/OSPanel/domains/ruppert_practice/vendor/laravel/framework/src/Illuminate/Database/Migrations/DatabaseMigrationRepository.php(172): Illuminate/Database/Schema/Builder->create()
#8 C:/OSPanel/domains/ruppert_practice/vendor/laravel/framework/src/Illuminate/Database/Console/Migrations/InstallCommand.php(54): Illuminate/Database/Migrations/DatabaseMigrationRepository->createRepository()
#9 C:/OSPanel/domains/ruppert_practice/vendor/laravel/framework/src/Illuminate/Container/BoundMethod.php(36): Illuminate/Database/Console/Migrations/InstallCommand->handle()
#10 C:/OSPanel/domains/ruppert_practice/vendor/laravel/framework/src/Illuminate/Container/Util.php(41): Illuminate/Container/BoundMethod::Illuminate/Container/{closure}()
#11 C:/OSPanel/domains/ruppert_practice/vendor/laravel/framework/src/Illuminate/Container/BoundMethod.php(93): Illuminate/Container/Util::unwrapIfClosure()
#12 C:/OSPanel/domains/ruppert_practice/vendor/laravel/framework/src/Illuminate/Container/BoundMethod.php(37): Illuminate/Container/BoundMethod::callBoundMethod()
#13 C:/OSPanel/domains/ruppert_practice/vendor/laravel/framework/src/Illuminate/Container/Container.php(662): Illuminate/Container/BoundMethod::call()
#14 C:/OSPanel/domains/ruppert_practice/vendor/laravel/framework/src/Illuminate/Console/Command.php(211): Illuminate/Container/Container->call()
#15 C:/OSPanel/domains/ruppert_practice/vendor/symfony/console/Command/Command.php(326): Illuminate/Console/Command->execute()
#16 C:/OSPanel/domains/ruppert_practice/vendor/laravel/framework/src/Illuminate/Console/Command.php(181): Symfony/Component/Console/Command/Command->run()
#17 C:/OSPanel/domains/ruppert_practice/vendor/symfony/console/Application.php(1121): Illuminate/Console/Command->run()
#18 C:/OSPanel/domains/ruppert_practice/vendor/symfony/console/Application.php(324): Symfony/Component/Console/Application->doRunCommand()
#19 C:/OSPanel/domains/ruppert_practice/vendor/symfony/console/Application.php(175): Symfony/Component/Console/Application->doRun()
#20 C:/OSPanel/domains/ruppert_practice/vendor/laravel/framework/src/Illuminate/Foundation/Console/Kernel.php(201): Symfony/Component/Console/Application->run()
#21 C:/OSPanel/domains/ruppert_practice/artisan(37): Illuminate/Foundation/Console/Kernel->handle()
#22 {main}
"} 
[2026-05-22 07:45:30] local.ERROR: SQLSTATE[42S02]: Base table or view not found: 1146 Table 'ruppert_100.users' doesn't exist (Connection: mysql, SQL: alter table `users` add `status` enum('guest', 'dispatcher', 'admin') not null default 'guest' after `email`) {"exception":"[object] (Illuminate\\Database\\QueryException(code: 42S02): SQLSTATE[42S02]: Base table or view not found: 1146 Table 'ruppert_100.users' doesn't exist (Connection: mysql, SQL: alter table `users` add `status` enum('guest', 'dispatcher', 'admin') not null default 'guest' after `email`) at C:/OSPanel/domains/ruppert_practice/vendor/laravel/framework/src/Illuminate/Database/Connection.php:829)
[stacktrace]
#0 C:/OSPanel/domains/ruppert_practice/vendor/laravel/framework/src/Illuminate/Database/Connection.php(783): Illuminate/Database/Connection->runQueryCallback()
#1 C:/OSPanel/domains/ruppert_practice/vendor/laravel/framework/src/Illuminate/Database/Connection.php(588): Illuminate/Database/Connection->run()
#2 C:/OSPanel/domains/ruppert_practice/vendor/laravel/framework/src/Illuminate/Database/Schema/Blueprint.php(110): Illuminate/Database/Connection->statement()
#3 C:/OSPanel/domains/ruppert_practice/vendor/laravel/framework/src/Illuminate/Database/Schema/Builder.php(602): Illuminate/Database/Schema/Blueprint->build()
#4 C:/OSPanel/domains/ruppert_practice/vendor/laravel/framework/src/Illuminate/Database/Schema/Builder.php(444): Illuminate/Database/Schema/Builder->build()
#5 C:/OSPanel/domains/ruppert_practice/vendor/laravel/framework/src/Illuminate/Support/Facades/Facade.php(355): Illuminate/Database/Schema/Builder->table()
#6 C:/OSPanel/domains/ruppert_practice/database/migrations/0001_01_01_111111_add_status_to_users_table.php(11): Illuminate/Support/Facades/Facade::__callStatic()
#7 C:/OSPanel/domains/ruppert_practice/vendor/laravel/framework/src/Illuminate/Database/Migrations/Migrator.php(501): Illuminate/Database/Migrations/Migration@anonymous->up()
#8 C:/OSPanel/domains/ruppert_practice/vendor/laravel/framework/src/Illuminate/Database/Migrations/Migrator.php(418): Illuminate/Database/Migrations/Migrator->runMethod()
#9 C:/OSPanel/domains/ruppert_practice/vendor/laravel/framework/src/Illuminate/Database/Migrations/Migrator.php(427): Illuminate/Database/Migrations/Migrator->Illuminate/Database/Migrations/{closure}()
#10 C:/OSPanel/domains/ruppert_practice/vendor/laravel/framework/src/Illuminate/Database/Migrations/Migrator.php(224): Illuminate/Database/Migrations/Migrator->runMigration()
#11 C:/OSPanel/domains/ruppert_practice/vendor/laravel/framework/src/Illuminate/Console/View/Components/Task.php(37): Illuminate/Database/Migrations/Migrator->Illuminate/Database/Migrations/{closure}()
#12 C:/OSPanel/domains/ruppert_practice/vendor/laravel/framework/src/Illuminate/Database/Migrations/Migrator.php(783): Illuminate/Console/View/Components/Task->render()
#13 C:/OSPanel/domains/ruppert_practice/vendor/laravel/framework/src/Illuminate/Database/Migrations/Migrator.php(224): Illuminate/Database/Migrations/Migrator->write()
#14 C:/OSPanel/domains/ruppert_practice/vendor/laravel/framework/src/Illuminate/Database/Migrations/Migrator.php(189): Illuminate/Database/Migrations/Migrator->runUp()
#15 C:/OSPanel/domains/ruppert_practice/vendor/laravel/framework/src/Illuminate/Database/Migrations/Migrator.php(132): Illuminate/Database/Migrations/Migrator->runPending()
#16 C:/OSPanel/domains/ruppert_practice/vendor/laravel/framework/src/Illuminate/Database/Console/Migrations/MigrateCommand.php(92): Illuminate/Database/Migrations/Migrator->run()
#17 C:/OSPanel/domains/ruppert_practice/vendor/laravel/framework/src/Illuminate/Database/Migrations/Migrator.php(641): Illuminate/Database/Console/Migrations/MigrateCommand->Illuminate/Database/Console/Migrations/{closure}()
#18 C:/OSPanel/domains/ruppert_practice/vendor/laravel/framework/src/Illuminate/Database/Console/Migrations/MigrateCommand.php(104): Illuminate/Database/Migrations/Migrator->usingConnection()
#19 C:/OSPanel/domains/ruppert_practice/vendor/laravel/framework/src/Illuminate/Container/BoundMethod.php(36): Illuminate/Database/Console/Migrations/MigrateCommand->handle()
#20 C:/OSPanel/domains/ruppert_practice/vendor/laravel/framework/src/Illuminate/Container/Util.php(41): Illuminate/Container/BoundMethod::Illuminate/Container/{closure}()
#21 C:/OSPanel/domains/ruppert_practice/vendor/laravel/framework/src/Illuminate/Container/BoundMethod.php(93): Illuminate/Container/Util::unwrapIfClosure()
#22 C:/OSPanel/domains/ruppert_practice/vendor/laravel/framework/src/Illuminate/Container/BoundMethod.php(37): Illuminate/Container/BoundMethod::callBoundMethod()
#23 C:/OSPanel/domains/ruppert_practice/vendor/laravel/framework/src/Illuminate/Container/Container.php(662): Illuminate/Container/BoundMethod::call()
#24 C:/OSPanel/domains/ruppert_practice/vendor/laravel/framework/src/Illuminate/Console/Command.php(211): Illuminate/Container/Container->call()
#25 C:/OSPanel/domains/ruppert_practice/vendor/symfony/console/Command/Command.php(326): Illuminate/Console/Command->execute()
#26 C:/OSPanel/domains/ruppert_practice/vendor/laravel/framework/src/Illuminate/Console/Command.php(181): Symfony/Component/Console/Command/Command->run()
#27 C:/OSPanel/domains/ruppert_practice/vendor/symfony/console/Application.php(1121): Illuminate/Console/Command->run()
#28 C:/OSPanel/domains/ruppert_practice/vendor/symfony/console/Application.php(324): Symfony/Component/Console/Application->doRunCommand()
#29 C:/OSPanel/domains/ruppert_practice/vendor/symfony/console/Application.php(175): Symfony/Component/Console/Application->doRun()
#30 C:/OSPanel/domains/ruppert_practice/vendor/laravel/framework/src/Illuminate/Foundation/Console/Kernel.php(201): Symfony/Component/Console/Application->run()
#31 C:/OSPanel/domains/ruppert_practice/artisan(37): Illuminate/Foundation/Console/Kernel->handle()
#32 {main}

[previous exception] [object] (PDOException(code: 42S02): SQLSTATE[42S02]: Base table or view not found: 1146 Table 'ruppert_100.users' doesn't exist at C:/OSPanel/domains/ruppert_practice/vendor/laravel/framework/src/Illuminate/Database/Connection.php:587)
[stacktrace]
#0 C:/OSPanel/domains/ruppert_practice/vendor/laravel/framework/src/Illuminate/Database/Connection.php(587): PDOStatement->execute()
#1 C:/OSPanel/domains/ruppert_practice/vendor/laravel/framework/src/Illuminate/Database/Connection.php(816): Illuminate/Database/Connection->Illuminate/Database/{closure}()
#2 C:/OSPanel/domains/ruppert_practice/vendor/laravel/framework/src/Illuminate/Database/Connection.php(783): Illuminate/Database/Connection->runQueryCallback()
#3 C:/OSPanel/domains/ruppert_practice/vendor/laravel/framework/src/Illuminate/Database/Connection.php(588): Illuminate/Database/Connection->run()
#4 C:/OSPanel/domains/ruppert_practice/vendor/laravel/framework/src/Illuminate/Database/Schema/Blueprint.php(110): Illuminate/Database/Connection->statement()
#5 C:/OSPanel/domains/ruppert_practice/vendor/laravel/framework/src/Illuminate/Database/Schema/Builder.php(602): Illuminate/Database/Schema/Blueprint->build()
#6 C:/OSPanel/domains/ruppert_practice/vendor/laravel/framework/src/Illuminate/Database/Schema/Builder.php(444): Illuminate/Database/Schema/Builder->build()
#7 C:/OSPanel/domains/ruppert_practice/vendor/laravel/framework/src/Illuminate/Support/Facades/Facade.php(355): Illuminate/Database/Schema/Builder->table()
#8 C:/OSPanel/domains/ruppert_practice/database/migrations/0001_01_01_111111_add_status_to_users_table.php(11): Illuminate/Support/Facades/Facade::__callStatic()
#9 C:/OSPanel/domains/ruppert_practice/vendor/laravel/framework/src/Illuminate/Database/Migrations/Migrator.php(501): Illuminate/Database/Migrations/Migration@anonymous->up()
#10 C:/OSPanel/domains/ruppert_practice/vendor/laravel/framework/src/Illuminate/Database/Migrations/Migrator.php(418): Illuminate/Database/Migrations/Migrator->runMethod()
#11 C:/OSPanel/domains/ruppert_practice/vendor/laravel/framework/src/Illuminate/Database/Migrations/Migrator.php(427): Illuminate/Database/Migrations/Migrator->Illuminate/Database/Migrations/{closure}()
#12 C:/OSPanel/domains/ruppert_practice/vendor/laravel/framework/src/Illuminate/Database/Migrations/Migrator.php(224): Illuminate/Database/Migrations/Migrator->runMigration()
#13 C:/OSPanel/domains/ruppert_practice/vendor/laravel/framework/src/Illuminate/Console/View/Components/Task.php(37): Illuminate/Database/Migrations/Migrator->Illuminate/Database/Migrations/{closure}()
#14 C:/OSPanel/domains/ruppert_practice/vendor/laravel/framework/src/Illuminate/Database/Migrations/Migrator.php(783): Illuminate/Console/View/Components/Task->render()
#15 C:/OSPanel/domains/ruppert_practice/vendor/laravel/framework/src/Illuminate/Database/Migrations/Migrator.php(224): Illuminate/Database/Migrations/Migrator->write()
#16 C:/OSPanel/domains/ruppert_practice/vendor/laravel/framework/src/Illuminate/Database/Migrations/Migrator.php(189): Illuminate/Database/Migrations/Migrator->runUp()
#17 C:/OSPanel/domains/ruppert_practice/vendor/laravel/framework/src/Illuminate/Database/Migrations/Migrator.php(132): Illuminate/Database/Migrations/Migrator->runPending()
#18 C:/OSPanel/domains/ruppert_practice/vendor/laravel/framework/src/Illuminate/Database/Console/Migrations/MigrateCommand.php(92): Illuminate/Database/Migrations/Migrator->run()
#19 C:/OSPanel/domains/ruppert_practice/vendor/laravel/framework/src/Illuminate/Database/Migrations/Migrator.php(641): Illuminate/Database/Console/Migrations/MigrateCommand->Illuminate/Database/Console/Migrations/{closure}()
#20 C:/OSPanel/domains/ruppert_practice/vendor/laravel/framework/src/Illuminate/Database/Console/Migrations/MigrateCommand.php(104): Illuminate/Database/Migrations/Migrator->usingConnection()
#21 C:/OSPanel/domains/ruppert_practice/vendor/laravel/framework/src/Illuminate/Container/BoundMethod.php(36): Illuminate/Database/Console/Migrations/MigrateCommand->handle()
#22 C:/OSPanel/domains/ruppert_practice/vendor/laravel/framework/src/Illuminate/Container/Util.php(41): Illuminate/Container/BoundMethod::Illuminate/Container/{closure}()
#23 C:/OSPanel/domains/ruppert_practice/vendor/laravel/framework/src/Illuminate/Container/BoundMethod.php(93): Illuminate/Container/Util::unwrapIfClosure()
#24 C:/OSPanel/domains/ruppert_practice/vendor/laravel/framework/src/Illuminate/Container/BoundMethod.php(37): Illuminate/Container/BoundMethod::callBoundMethod()
#25 C:/OSPanel/domains/ruppert_practice/vendor/laravel/framework/src/Illuminate/Container/Container.php(662): Illuminate/Container/BoundMethod::call()
#26 C:/OSPanel/domains/ruppert_practice/vendor/laravel/framework/src/Illuminate/Console/Command.php(211): Illuminate/Container/Container->call()
#27 C:/OSPanel/domains/ruppert_practice/vendor/symfony/console/Command/Command.php(326): Illuminate/Console/Command->execute()
#28 C:/OSPanel/domains/ruppert_practice/vendor/laravel/framework/src/Illuminate/Console/Command.php(181): Symfony/Component/Console/Command/Command->run()
#29 C:/OSPanel/domains/ruppert_practice/vendor/symfony/console/Application.php(1121): Illuminate/Console/Command->run()
#30 C:/OSPanel/domains/ruppert_practice/vendor/symfony/console/Application.php(324): Symfony/Component/Console/Application->doRunCommand()
#31 C:/OSPanel/domains/ruppert_practice/vendor/symfony/console/Application.php(175): Symfony/Component/Console/Application->doRun()
#32 C:/OSPanel/domains/ruppert_practice/vendor/laravel/framework/src/Illuminate/Foundation/Console/Kernel.php(201): Symfony/Component/Console/Application->run()
#33 C:/OSPanel/domains/ruppert_practice/artisan(37): Illuminate/Foundation/Console/Kernel->handle()
#34 {main}
"} 
[2026-05-22 07:45:42] local.ERROR: SQLSTATE[42S02]: Base table or view not found: 1146 Table 'ruppert_100.users' doesn't exist (Connection: mysql, SQL: alter table `users` add `status` enum('guest', 'dispatcher', 'admin') not null default 'guest' after `email`) {"exception":"[object] (Illuminate\\Database\\QueryException(code: 42S02): SQLSTATE[42S02]: Base table or view not found: 1146 Table 'ruppert_100.users' doesn't exist (Connection: mysql, SQL: alter table `users` add `status` enum('guest', 'dispatcher', 'admin') not null default 'guest' after `email`) at C:/OSPanel/domains/ruppert_practice/vendor/laravel/framework/src/Illuminate/Database/Connection.php:829)
[stacktrace]
#0 C:/OSPanel/domains/ruppert_practice/vendor/laravel/framework/src/Illuminate/Database/Connection.php(783): Illuminate/Database/Connection->runQueryCallback()
#1 C:/OSPanel/domains/ruppert_practice/vendor/laravel/framework/src/Illuminate/Database/Connection.php(588): Illuminate/Database/Connection->run()
#2 C:/OSPanel/domains/ruppert_practice/vendor/laravel/framework/src/Illuminate/Database/Schema/Blueprint.php(110): Illuminate/Database/Connection->statement()
#3 C:/OSPanel/domains/ruppert_practice/vendor/laravel/framework/src/Illuminate/Database/Schema/Builder.php(602): Illuminate/Database/Schema/Blueprint->build()
#4 C:/OSPanel/domains/ruppert_practice/vendor/laravel/framework/src/Illuminate/Database/Schema/Builder.php(444): Illuminate/Database/Schema/Builder->build()
#5 C:/OSPanel/domains/ruppert_practice/vendor/laravel/framework/src/Illuminate/Support/Facades/Facade.php(355): Illuminate/Database/Schema/Builder->table()
#6 C:/OSPanel/domains/ruppert_practice/database/migrations/1001_01_01_111111_add_status_to_users_table.php(11): Illuminate/Support/Facades/Facade::__callStatic()
#7 C:/OSPanel/domains/ruppert_practice/vendor/laravel/framework/src/Illuminate/Database/Migrations/Migrator.php(501): Illuminate/Database/Migrations/Migration@anonymous->up()
#8 C:/OSPanel/domains/ruppert_practice/vendor/laravel/framework/src/Illuminate/Database/Migrations/Migrator.php(418): Illuminate/Database/Migrations/Migrator->runMethod()
#9 C:/OSPanel/domains/ruppert_practice/vendor/laravel/framework/src/Illuminate/Database/Migrations/Migrator.php(427): Illuminate/Database/Migrations/Migrator->Illuminate/Database/Migrations/{closure}()
#10 C:/OSPanel/domains/ruppert_practice/vendor/laravel/framework/src/Illuminate/Database/Migrations/Migrator.php(224): Illuminate/Database/Migrations/Migrator->runMigration()
#11 C:/OSPanel/domains/ruppert_practice/vendor/laravel/framework/src/Illuminate/Console/View/Components/Task.php(37): Illuminate/Database/Migrations/Migrator->Illuminate/Database/Migrations/{closure}()
#12 C:/OSPanel/domains/ruppert_practice/vendor/laravel/framework/src/Illuminate/Database/Migrations/Migrator.php(783): Illuminate/Console/View/Components/Task->render()
#13 C:/OSPanel/domains/ruppert_practice/vendor/laravel/framework/src/Illuminate/Database/Migrations/Migrator.php(224): Illuminate/Database/Migrations/Migrator->write()
#14 C:/OSPanel/domains/ruppert_practice/vendor/laravel/framework/src/Illuminate/Database/Migrations/Migrator.php(189): Illuminate/Database/Migrations/Migrator->runUp()
#15 C:/OSPanel/domains/ruppert_practice/vendor/laravel/framework/src/Illuminate/Database/Migrations/Migrator.php(132): Illuminate/Database/Migrations/Migrator->runPending()
#16 C:/OSPanel/domains/ruppert_practice/vendor/laravel/framework/src/Illuminate/Database/Console/Migrations/MigrateCommand.php(92): Illuminate/Database/Migrations/Migrator->run()
#17 C:/OSPanel/domains/ruppert_practice/vendor/laravel/framework/src/Illuminate/Database/Migrations/Migrator.php(641): Illuminate/Database/Console/Migrations/MigrateCommand->Illuminate/Database/Console/Migrations/{closure}()
#18 C:/OSPanel/domains/ruppert_practice/vendor/laravel/framework/src/Illuminate/Database/Console/Migrations/MigrateCommand.php(104): Illuminate/Database/Migrations/Migrator->usingConnection()
#19 C:/OSPanel/domains/ruppert_practice/vendor/laravel/framework/src/Illuminate/Container/BoundMethod.php(36): Illuminate/Database/Console/Migrations/MigrateCommand->handle()
#20 C:/OSPanel/domains/ruppert_practice/vendor/laravel/framework/src/Illuminate/Container/Util.php(41): Illuminate/Container/BoundMethod::Illuminate/Container/{closure}()
#21 C:/OSPanel/domains/ruppert_practice/vendor/laravel/framework/src/Illuminate/Container/BoundMethod.php(93): Illuminate/Container/Util::unwrapIfClosure()
#22 C:/OSPanel/domains/ruppert_practice/vendor/laravel/framework/src/Illuminate/Container/BoundMethod.php(37): Illuminate/Container/BoundMethod::callBoundMethod()
#23 C:/OSPanel/domains/ruppert_practice/vendor/laravel/framework/src/Illuminate/Container/Container.php(662): Illuminate/Container/BoundMethod::call()
#24 C:/OSPanel/domains/ruppert_practice/vendor/laravel/framework/src/Illuminate/Console/Command.php(211): Illuminate/Container/Container->call()
#25 C:/OSPanel/domains/ruppert_practice/vendor/symfony/console/Command/Command.php(326): Illuminate/Console/Command->execute()
#26 C:/OSPanel/domains/ruppert_practice/vendor/laravel/framework/src/Illuminate/Console/Command.php(181): Symfony/Component/Console/Command/Command->run()
#27 C:/OSPanel/domains/ruppert_practice/vendor/symfony/console/Application.php(1121): Illuminate/Console/Command->run()
#28 C:/OSPanel/domains/ruppert_practice/vendor/symfony/console/Application.php(324): Symfony/Component/Console/Application->doRunCommand()
#29 C:/OSPanel/domains/ruppert_practice/vendor/symfony/console/Application.php(175): Symfony/Component/Console/Application->doRun()
#30 C:/OSPanel/domains/ruppert_practice/vendor/laravel/framework/src/Illuminate/Foundation/Console/Kernel.php(201): Symfony/Component/Console/Application->run()
#31 C:/OSPanel/domains/ruppert_practice/artisan(37): Illuminate/Foundation/Console/Kernel->handle()
#32 {main}

[previous exception] [object] (PDOException(code: 42S02): SQLSTATE[42S02]: Base table or view not found: 1146 Table 'ruppert_100.users' doesn't exist at C:/OSPanel/domains/ruppert_practice/vendor/laravel/framework/src/Illuminate/Database/Connection.php:587)
[stacktrace]
#0 C:/OSPanel/domains/ruppert_practice/vendor/laravel/framework/src/Illuminate/Database/Connection.php(587): PDOStatement->execute()
#1 C:/OSPanel/domains/ruppert_practice/vendor/laravel/framework/src/Illuminate/Database/Connection.php(816): Illuminate/Database/Connection->Illuminate/Database/{closure}()
#2 C:/OSPanel/domains/ruppert_practice/vendor/laravel/framework/src/Illuminate/Database/Connection.php(783): Illuminate/Database/Connection->runQueryCallback()
#3 C:/OSPanel/domains/ruppert_practice/vendor/laravel/framework/src/Illuminate/Database/Connection.php(588): Illuminate/Database/Connection->run()
#4 C:/OSPanel/domains/ruppert_practice/vendor/laravel/framework/src/Illuminate/Database/Schema/Blueprint.php(110): Illuminate/Database/Connection->statement()
#5 C:/OSPanel/domains/ruppert_practice/vendor/laravel/framework/src/Illuminate/Database/Schema/Builder.php(602): Illuminate/Database/Schema/Blueprint->build()
#6 C:/OSPanel/domains/ruppert_practice/vendor/laravel/framework/src/Illuminate/Database/Schema/Builder.php(444): Illuminate/Database/Schema/Builder->build()
#7 C:/OSPanel/domains/ruppert_practice/vendor/laravel/framework/src/Illuminate/Support/Facades/Facade.php(355): Illuminate/Database/Schema/Builder->table()
#8 C:/OSPanel/domains/ruppert_practice/database/migrations/1001_01_01_111111_add_status_to_users_table.php(11): Illuminate/Support/Facades/Facade::__callStatic()
#9 C:/OSPanel/domains/ruppert_practice/vendor/laravel/framework/src/Illuminate/Database/Migrations/Migrator.php(501): Illuminate/Database/Migrations/Migration@anonymous->up()
#10 C:/OSPanel/domains/ruppert_practice/vendor/laravel/framework/src/Illuminate/Database/Migrations/Migrator.php(418): Illuminate/Database/Migrations/Migrator->runMethod()
#11 C:/OSPanel/domains/ruppert_practice/vendor/laravel/framework/src/Illuminate/Database/Migrations/Migrator.php(427): Illuminate/Database/Migrations/Migrator->Illuminate/Database/Migrations/{closure}()
#12 C:/OSPanel/domains/ruppert_practice/vendor/laravel/framework/src/Illuminate/Database/Migrations/Migrator.php(224): Illuminate/Database/Migrations/Migrator->runMigration()
#13 C:/OSPanel/domains/ruppert_practice/vendor/laravel/framework/src/Illuminate/Console/View/Components/Task.php(37): Illuminate/Database/Migrations/Migrator->Illuminate/Database/Migrations/{closure}()
#14 C:/OSPanel/domains/ruppert_practice/vendor/laravel/framework/src/Illuminate/Database/Migrations/Migrator.php(783): Illuminate/Console/View/Components/Task->render()
#15 C:/OSPanel/domains/ruppert_practice/vendor/laravel/framework/src/Illuminate/Database/Migrations/Migrator.php(224): Illuminate/Database/Migrations/Migrator->write()
#16 C:/OSPanel/domains/ruppert_practice/vendor/laravel/framework/src/Illuminate/Database/Migrations/Migrator.php(189): Illuminate/Database/Migrations/Migrator->runUp()
#17 C:/OSPanel/domains/ruppert_practice/vendor/laravel/framework/src/Illuminate/Database/Migrations/Migrator.php(132): Illuminate/Database/Migrations/Migrator->runPending()
#18 C:/OSPanel/domains/ruppert_practice/vendor/laravel/framework/src/Illuminate/Database/Console/Migrations/MigrateCommand.php(92): Illuminate/Database/Migrations/Migrator->run()
#19 C:/OSPanel/domains/ruppert_practice/vendor/laravel/framework/src/Illuminate/Database/Migrations/Migrator.php(641): Illuminate/Database/Console/Migrations/MigrateCommand->Illuminate/Database/Console/Migrations/{closure}()
#20 C:/OSPanel/domains/ruppert_practice/vendor/laravel/framework/src/Illuminate/Database/Console/Migrations/MigrateCommand.php(104): Illuminate/Database/Migrations/Migrator->usingConnection()
#21 C:/OSPanel/domains/ruppert_practice/vendor/laravel/framework/src/Illuminate/Container/BoundMethod.php(36): Illuminate/Database/Console/Migrations/MigrateCommand->handle()
#22 C:/OSPanel/domains/ruppert_practice/vendor/laravel/framework/src/Illuminate/Container/Util.php(41): Illuminate/Container/BoundMethod::Illuminate/Container/{closure}()
#23 C:/OSPanel/domains/ruppert_practice/vendor/laravel/framework/src/Illuminate/Container/BoundMethod.php(93): Illuminate/Container/Util::unwrapIfClosure()
#24 C:/OSPanel/domains/ruppert_practice/vendor/laravel/framework/src/Illuminate/Container/BoundMethod.php(37): Illuminate/Container/BoundMethod::callBoundMethod()
#25 C:/OSPanel/domains/ruppert_practice/vendor/laravel/framework/src/Illuminate/Container/Container.php(662): Illuminate/Container/BoundMethod::call()
#26 C:/OSPanel/domains/ruppert_practice/vendor/laravel/framework/src/Illuminate/Console/Command.php(211): Illuminate/Container/Container->call()
#27 C:/OSPanel/domains/ruppert_practice/vendor/symfony/console/Command/Command.php(326): Illuminate/Console/Command->execute()
#28 C:/OSPanel/domains/ruppert_practice/vendor/laravel/framework/src/Illuminate/Console/Command.php(181): Symfony/Component/Console/Command/Command->run()
#29 C:/OSPanel/domains/ruppert_practice/vendor/symfony/console/Application.php(1121): Illuminate/Console/Command->run()
#30 C:/OSPanel/domains/ruppert_practice/vendor/symfony/console/Application.php(324): Symfony/Component/Console/Application->doRunCommand()
#31 C:/OSPanel/domains/ruppert_practice/vendor/symfony/console/Application.php(175): Symfony/Component/Console/Application->doRun()
#32 C:/OSPanel/domains/ruppert_practice/vendor/laravel/framework/src/Illuminate/Foundation/Console/Kernel.php(201): Symfony/Component/Console/Application->run()
#33 C:/OSPanel/domains/ruppert_practice/artisan(37): Illuminate/Foundation/Console/Kernel->handle()
#34 {main}
"} 
